QuestSceneId,SortNo,Name,MapData,UnitData,DemoMap,BgmBasic,BgmBoss,Tutorial,CharaCommentId0,CharaCommentId1,CharaCommentId2,CharaCommentId3,CharaCommentId4,ColRate,LimitDefault,LimitTimeDec,LimitCharaDec,LimitResurrection,MissionTableSubId,MissionEnemyLvLimit,RewardTableSubId,PlayerTraceTableSubId,SuccessPlayerExp,FailedPlayerExp,GreedSpawnWaitCount,HoneySpawnWaitCount,MenuDisplayEnemySetId,StageFilepath,RarityUpChanceRate,PairMobHpRate,PairMobAtkRate,PairLeaderHpRate,PairLeaderAtkRate,PairBossHpRate,PairBossAtkRate,PairExpRate,TrioMobHpRate,TrioMobAtkRate,TrioLeaderHpRate,TrioLeaderAtkRate,TrioBossHpRate,TrioBossAtkRate,TrioExpRate,SingleRewardVp,PairRewardVp,TrioRewardVp,
1001,14,"sao_wf_day_009","sao_wf_day_009_mapData","sao_wf_day_009_unitData","sao_wf_day","BGM_F_WEST_DAYTIME_BASIC","BGM_F_WEST_BOSS",True,0,0,0,0,0,1,500,1,0,200,99,4,100001,1000,100,50,100,0,1001,"Stage_WF_day",0,1,1,1,1,2,1,1,1,1,1,1,3,1,1,10,15,20,
1002,15,"sao_wf_day_010","sao_wf_day_010_mapData","sao_wf_day_010_unitData","sao_wf_day","BGM_F_WEST_DAYTIME_BASIC","BGM_F_WEST_BOSS",False,10004,10021,0,20000,20001,0.6,450,0,0,200,1,5,110002,1000,100,50,100,0,1002,"Stage_WF_day",20,1,1,1,1,2,1,1,1,1,1,1,3,1,1,10,15,20,
1003,35,"sao_fm_74_003","sao_fm_74_003_mapData","sao_fm_74_003_unitData","sao_fm_47","BGM_F_LABYRINTH_BASIC","BGM_F_LABYRINTH_BOSS",False,10005,10024,0,20000,20001,1,450,0,0,200,1,6,110002,1000,100,50,100,0,1003,"Stage_FM",20,1,1,1,1,2,1,1,1,1,1,1,3,1,1,10,15,20,
1004,16,"sao_wf_day_011","sao_wf_day_011_mapData","sao_wf_day_011_unitData","sao_dk_day","BGM_F_DANAK_DAYTIME_BASIC","BGM_F_DANAK_BOSS",False,10009,10021,10002,20000,20001,1.1,400,0,0,200,1,7,110002,1000,100,50,100,0,1004,"Stage_DNK_day",20,1,1,1,1,2,1,1,1,1,1,1,3,1,1,10,15,20,
1005,24,"sao_wf_dusk_008","sao_wf_dusk_008_mapData","sao_wf_dusk_008_unitData","sao_wf_dusk","BGM_F_WEST_EVENING_BASIC","BGM_F_WEST_BOSS",False,10004,10022,10002,20000,20001,1.3,400,0,0,200,1,9,110002,1000,100,50,100,0,1005,"Stage_WF_dusk",20,1,1,1,1,2,1,1,1,1,1,1,3,1,1,10,15,20,
1006,50,"alo_st_day_008","alo_st_day_008_mapData","alo_st_day_008_unitData","alo_st_day","BGM_F_WORLDTREE_DAYTIME_BASIC","BGM_F_WORLDTREE_BOSS",False,10006,10021,10002,20000,20001,1.5,360,0,0,180,1,10,110002,1000,100,50,100,0,1006,"Stage_ST_day",20,1,1,1,1,2,1,1,1,1,1,1,3,1,1,10,15,20,
1007,32,"sao_wf_night_007","sao_wf_night_007_mapData","sao_wf_night_007_unitData","sao_wf_night","BGM_F_WEST_NIGHT_BASIC","BGM_F_WEST_BOSS",False,10004,10023,10002,20000,20001,1.7,330,0,0,165,1,11,110002,1000,100,50,100,0,1007,"Stage_WF_night",20,1,1,1,1,2,1,1,1,1,1,1,3,1,1,10,15,20,
1008,76,"ggo_at_dusk_007","ggo_at_dusk_007_mapData","ggo_at_dusk_007_unitData","ggo_at_dusk","BGM_F_RUIN_EVENING_BASIC","BGM_F_RUIN_BOSS",False,10008,10022,10002,20000,20001,1.98,330,0,0,165,1,12,110002,1000,100,50,100,0,1008,"Stage_GGO_dusk",20,1,1,1,1,2,1,1,1,1,1,1,3,1,1,10,15,20,
1009,82,"ggo_at_night_005","ggo_at_night_005_mapData","ggo_at_night_005_unitData","ggo_at_night","BGM_F_RUIN_NIGHT_BASIC","BGM_F_RUIN_BOSS",False,10008,10023,10002,20000,20001,2.178,360,0,0,180,1,13,110002,1000,100,50,100,0,1009,"Stage_GGO_night",20,1,1,1,1,2,1,1,1,1,1,1,3,1,1,10,15,20,
1010,51,"alo_st_day_009","alo_st_day_009_mapData","alo_st_day_009_unitData","alo_st_day","BGM_F_WORLDTREE_DAYTIME_BASIC","BGM_F_WORLDTREE_BOSS",False,10006,10021,10002,20000,20001,2.64,360,0,0,180,1,15,110002,1000,100,50,100,0,1010,"Stage_ST_day",20,1,1,1,1,2,1,1,1,1,1,1,3,1,1,10,15,20,
1011,33,"sao_wf_night_008","sao_wf_night_008_mapData","sao_wf_night_008_unitData","sao_dk_night","BGM_F_DANAK_NIGHT_BASIC","BGM_F_DANAK_BOSS",False,10023,10002,0,20000,20001,2.838,330,0,0,165,1,16,110011,1000,100,50,100,0,1011,"Stage_DNK_night",20,1,1,1,1,2,1,1,1,1,1,1,3,1,1,10,15,20,
1012,66,"alo_ip_basic_007","alo_ip_basic_007_mapData","alo_ip_basic_007_unitData","alo_id_srymheimr","BGM_F_SRYMHEIMR_BASIC","BGM_F_SRYMHEIMR_BOSS",False,10007,10024,10002,20000,20001,3.036,360,0,0,180,1,17,110011,1000,100,50,100,0,1012,"Stage_SF",20,1,1,1,1,2,1,1,1,1,1,1,3,1,1,10,15,20,
1013,37,"sao_fm_74_005","sao_fm_74_005_mapData","sao_fm_74_005_unitData","sao_fm_47","BGM_F_LABYRINTH_BASIC","BGM_F_LABYRINTH_BOSS",False,10005,10024,10002,20000,20001,3.3,300,0,0,150,1,18,110011,1000,100,50,100,0,1013,"Stage_FM",20,1,1,1,1,2,1,1,1,1,1,1,3,1,1,10,15,20,
1014,67,"alo_ip_basic_008","alo_ip_basic_008_mapData","alo_ip_basic_008_unitData","alo_id_srymheimr","BGM_F_SRYMHEIMR_BASIC","BGM_F_SRYMHEIMR_BOSS",False,10007,10024,10002,20000,20001,3.498,340,0,0,170,1,19,110011,1000,100,50,100,0,1014,"Stage_SF",20,1,1,1,1,2,1,1,1,1,1,1,3,1,1,10,15,20,
1015,58,"alo_st_night_007","alo_st_night_007_mapData","alo_st_night_007_unitData","alo_st_night","BGM_F_WORLDTREE_NIGHT_BASIC","BGM_F_WORLDTREE_BOSS",False,10006,10023,10003,20000,20001,4.356,340,0,0,170,1,23,110011,1000,100,50,100,0,1015,"Stage_ST_night",20,1,1,1,1,2,1,1,1,1,1,1,3,1,1,10,15,20,
1016,25,"sao_wf_dusk_009","sao_wf_dusk_009_mapData","sao_wf_dusk_009_unitData","sao_dk_dusk","BGM_F_DANAK_EVENING_BASIC","BGM_F_DANAK_BOSS",False,10022,10003,0,20000,20001,4.62,320,0,0,160,1,24,110011,1000,100,50,100,0,1016,"Stage_DNK_dusk",20,1,1,1,1,2,1,1,1,1,1,1,3,1,1,10,15,20,
1017,68,"alo_ip_basic_009","alo_ip_basic_009_mapData","alo_ip_basic_009_unitData","alo_id_srymheimr","BGM_F_SRYMHEIMR_BASIC","BGM_F_SRYMHEIMR_BOSS",False,10007,10024,10003,20000,20001,4.818,340,0,0,170,1,25,110011,1000,100,50,100,0,1017,"Stage_SF",20,1,1,1,1,2,1,1,1,1,1,1,3,1,1,10,15,20,
1018,38,"sao_fm_74_006","sao_fm_74_006_mapData","sao_fm_74_006_unitData","sao_fm_47","BGM_F_LABYRINTH_BASIC","BGM_F_LABYRINTH_BOSS",False,10005,10024,10003,20000,20001,5.478,300,0,0,150,1,28,110011,1000,100,50,100,0,1018,"Stage_FM",20,1,1,1,1,2,1,1,1,1,1,1,3,1,1,10,15,20,
1019,2001,"sao_ff_day_001","sao_ff_day_001_mapData","sao_ff_day_001_unitData","sao_ff_day","BGM_F_FLORIA_DAYTIME_BASIC","BGM_F_FLORIA_BOSS",False,10010,10021,10003,20000,20001,5.5,380,0,0,190,1,26,110019,1000,100,50,100,0,1019,"Stage_FLO_day",20,1,1,1,1,2,1,1,1,1,1,1,3,1,1,10,15,20,
1020,2002,"sao_wf_day_014","sao_wf_day_014_mapData","sao_wf_day_014_unitData","sao_wf_day","BGM_F_WEST_DAYTIME_BASIC","BGM_F_WEST_BOSS",False,10004,10021,10003,20000,20001,5.6,340,0,0,170,1,27,110020,1000,100,50,100,0,1020,"Stage_WF_day",20,1,1,1,1,2,1,1,1,1,1,1,3,1,1,10,15,20,
1021,2003,"ggo_at_night_012","ggo_at_night_012_mapData","ggo_at_night_012_unitData","ggo_at_night","BGM_F_RUIN_NIGHT_BASIC","BGM_F_RUIN_BOSS",False,10008,10031,10003,20000,20001,5.7,360,0,0,180,1,28,110020,1000,100,50,100,0,1021,"Stage_GGO_night",20,1,1,1,1,2,1,1,1,1,1,1,3,1,1,10,15,20,
1022,2004,"alo_st_day_011","alo_st_day_011_mapData","alo_st_day_011_unitData","alo_st_day","BGM_F_WORLDTREE_DAYTIME_BASIC","BGM_F_WORLDTREE_BOSS",False,10006,10026,10003,20000,20001,5.8,350,0,0,175,1,29,110020,1000,100,50,100,0,1022,"Stage_ST_day",20,1,1,1,1,2,1,1,1,1,1,1,3,1,1,10,15,20,
1023,2005,"alo_ip_basic_012","alo_ip_basic_012_mapData","alo_ip_basic_012_unitData","alo_id_srymheimr","BGM_F_SRYMHEIMR_BASIC","BGM_F_SRYMHEIMR_BOSS",False,10007,10029,10003,20000,20001,5.9,350,0,0,175,1,30,110020,1000,100,50,100,0,1023,"Stage_SF",20,1,1,1,1,2,1,1,1,1,1,1,3,1,1,10,15,20,
1024,2006,"sao_wf_night_011","sao_wf_night_011_mapData","sao_wf_night_011_unitData","sao_dk_night","BGM_F_DANAK_NIGHT_BASIC","BGM_F_DANAK_BOSS",False,10023,10003,0,20000,20001,6,330,0,0,165,1,31,110024,1000,100,50,100,0,1024,"Stage_DNK_night",20,1,1,1,1,2,1,1,1,1,1,1,3,1,1,10,15,20,
1025,2007,"sao_ff_dusk_001","sao_ff_dusk_001_mapData","sao_ff_dusk_001_unitData","sao_ff_dusk","BGM_F_FLORIA_EVENING_BASIC","BGM_F_FLORIA_BOSS",False,10010,10022,10003,20000,20001,6.1,340,0,0,170,1,32,110024,1000,100,50,100,0,1025,"Stage_FLO_dusk",20,1,1,1,1,2,1,1,1,1,1,1,3,1,1,10,15,20,
1026,2008,"ggo_gt_day_001","ggo_gt_day_001_mapData","ggo_gt_day_001_unitData","ggo_gt_day","BGM_F_GLOCKEN_DAYTIME_BASIC","BGM_F_GLOCKEN_BOSS",False,10017,10003,0,20000,20001,6.2,340,0,0,170,1,33,110024,1000,100,50,100,0,1026,"Stage_GLO_day",20,1,1,1,1,2,1,1,1,1,1,1,3,1,1,10,15,20,
1027,2009,"sao_fm_74_013","sao_fm_74_013_mapData","sao_fm_74_013_unitData","sao_fm_47","BGM_F_LABYRINTH_BASIC","BGM_F_LABYRINTH_BOSS",False,10005,10024,10003,20000,20001,6.3,330,0,0,165,1,34,110024,1000,100,50,100,0,1027,"Stage_FM",20,1,1,1,1,2,1,1,1,1,1,1,3,1,1,10,15,20,
1028,2010,"alo_st_night_003","alo_st_night_003_mapData","alo_st_night_003_unitData","alo_st_night","BGM_F_WORLDTREE_NIGHT_BASIC","BGM_F_WORLDTREE_BOSS",False,10006,10023,10003,20000,20001,6.4,330,0,0,165,1,35,110024,1000,100,50,100,0,1028,"Stage_ST_night",20,1,1,1,1,2,1,1,1,1,1,1,3,1,1,10,15,20,
1029,2011,"sao_wf_day_015","sao_wf_day_015_mapData","sao_wf_day_015_unitData","sao_wf_day","BGM_F_WEST_DAYTIME_BASIC","BGM_F_WEST_BOSS",False,10004,10021,10003,20000,20001,6.5,320,0,0,160,1,36,110024,1000,100,50,100,0,1029,"Stage_WF_day",20,1,1,1,1,2,1,1,1,1,1,1,3,1,1,10,15,20,
1030,2012,"ggo_at_dusk_013","ggo_at_dusk_013_mapData","ggo_at_dusk_013_unitData","ggo_at_dusk","BGM_F_RUIN_EVENING_BASIC","BGM_F_RUIN_BOSS",False,10008,10022,10003,20000,20001,6.6,340,0,0,170,1,37,110024,1000,100,50,100,0,1030,"Stage_GGO_dusk",20,1,1,1,1,2,1,1,1,1,1,1,3,1,1,10,15,20,
1031,2013,"sao_ff_day_002","sao_ff_day_002_mapData","sao_ff_day_002_unitData","sao_ff_day","BGM_F_FLORIA_DAYTIME_BASIC","BGM_F_FLORIA_BOSS",False,10010,10021,10003,20000,20001,6.7,350,0,0,175,1,38,110024,1000,100,50,100,0,1031,"Stage_FLO_day",20,1,1,1,1,2,1,1,1,1,1,1,3,1,1,10,15,20,
1032,2014,"ggo_gt_night_001","ggo_gt_night_001_mapData","ggo_gt_night_001_unitData","ggo_gt_night","BGM_F_GLOCKEN_NIGHT_BASIC","BGM_F_GLOCKEN_BOSS",False,10017,10003,0,20000,20001,6.8,360,0,0,180,1,39,110024,1000,100,50,100,0,1032,"Stage_GLO_dusk",20,1,1,1,1,2,1,1,1,1,1,1,3,1,1,10,15,20,
2001,43,"sao_fm_74_011","sao_fm_74_011_mapData","sao_fm_74_011_unitData","sao_fm_47","BGM_F_LABYRINTH_BASIC","BGM_F_LABYRINTH_BOSS",False,10005,10024,0,20000,20001,6.996,300,0,0,150,1,35,190100,1000,100,50,100,0,2001,"Stage_FM",20,1,1,1,1,2,1,1,1,1,1,1,3,1,1,10,15,20,
2002,59,"alo_st_night_008","alo_st_night_008_mapData","alo_st_night_008_unitData","alo_st_night","BGM_F_WORLDTREE_NIGHT_BASIC","BGM_F_WORLDTREE_BOSS",False,10006,10023,10026,20000,20001,5.478,340,0,0,170,1,35,190200,1000,100,50,100,0,2002,"Stage_ST_night",20,1,1,1,1,2,1,1,1,1,1,1,3,1,1,10,15,20,
2003,52,"alo_st_day_010","alo_st_day_010_mapData","alo_st_day_010_unitData","alo_st_day","BGM_F_WORLDTREE_DAYTIME_BASIC","BGM_F_WORLDTREE_BOSS",False,10006,10021,10026,20000,20001,5.478,340,0,0,170,1,35,190300,1000,100,50,100,0,2003,"Stage_ST_day",20,1,1,1,1,2,1,1,1,1,1,1,3,1,1,10,15,20,
2004,77,"ggo_at_dusk_008","ggo_at_dusk_008_mapData","ggo_at_dusk_008_unitData","ggo_at_dusk","BGM_F_RUIN_EVENING_BASIC","BGM_F_RUIN_BOSS",False,10008,10022,10031,20000,20001,5.478,340,0,0,170,1,35,190400,1000,100,50,100,0,2004,"Stage_GGO_dusk",20,1,1,1,1,2,1,1,1,1,1,1,3,1,1,10,15,20,
2005,26,"sao_wf_dusk_010","sao_wf_dusk_010_mapData","sao_wf_dusk_010_unitData","sao_wf_dusk","BGM_F_WEST_EVENING_BASIC","BGM_F_WEST_BOSS",False,10004,10022,10025,20000,20001,5.478,320,0,0,160,1,35,190500,1000,100,50,100,0,2005,"Stage_WF_dusk",20,1,1,1,1,2,1,1,1,1,1,1,3,1,1,10,15,20,
2006,17,"sao_wf_day_012","sao_wf_day_012_mapData","sao_wf_day_012_unitData","sao_wf_day","BGM_F_WEST_DAYTIME_BASIC","BGM_F_WEST_BOSS",False,10004,10021,0,20000,20001,5.478,300,0,0,150,1,35,190600,1000,100,50,100,0,2006,"Stage_WF_day",20,1,1,1,1,2,1,1,1,1,1,1,3,1,1,10,15,20,
2007,69,"alo_ip_basic_010","alo_ip_basic_010_mapData","alo_ip_basic_010_unitData","alo_id_srymheimr","BGM_F_SRYMHEIMR_BASIC","BGM_F_SRYMHEIMR_BOSS",False,10007,10024,10029,20000,20001,5.478,340,0,0,170,1,35,190700,1000,100,50,100,0,2007,"Stage_SF",20,1,1,1,1,2,1,1,1,1,1,1,3,1,1,10,15,20,
2008,44,"sao_fm_74_012","sao_fm_74_012_mapData","sao_fm_74_012_unitData","sao_fm_47","BGM_F_LABYRINTH_BASIC","BGM_F_LABYRINTH_BOSS",False,10005,10024,0,20000,20001,5.478,300,0,0,150,1,35,190800,1000,100,50,100,0,2008,"Stage_FM",20,1,1,1,1,2,1,1,1,1,1,1,3,1,1,10,15,20,
2009,3001,"sao_wf_day_018","sao_wf_day_018_mapData","sao_wf_day_018_unitData","sao_wf_day","BGM_F_WEST_DAYTIME_BASIC","BGM_F_WEST_BOSS",False,10019,10021,0,20000,20001,7.38,320,0,0,160,1,40,190300,1000,100,50,100,0,2009,"Stage_WF_day",20,1,1,1,1,2,1,1,1,1,1,1,3,1,1,10,15,20,
2010,3002,"sao_wf_dusk_013","sao_wf_dusk_013_mapData","sao_wf_dusk_013_unitData","sao_dk_dusk","BGM_F_DANAK_EVENING_BASIC","BGM_F_DANAK_BOSS",False,10022,0,0,20000,20001,7.38,330,0,0,165,1,40,191000,1000,100,50,100,0,2010,"Stage_DNK_dusk",20,1,1,1,1,2,1,1,1,1,1,1,3,1,1,10,15,20,
2011,3003,"sao_wf_day_023","sao_wf_day_023_mapData","sao_wf_day_023_unitData","sao_wf_day","BGM_F_WEST_DAYTIME_BASIC","BGM_F_WEST_BOSS",False,10021,10025,0,20000,20001,7.38,320,0,0,160,1,40,191100,1000,100,50,100,0,2011,"Stage_WF_day",20,1,1,1,1,2,1,1,1,1,1,1,3,1,1,10,15,20,
2012,3004,"sao_wm_day_002","sao_wm_day_002_mapData","sao_wm_day_002_unitData","sao_wm_day","BGM_F_WEST_MOUNTAIN_BASIC","BGM_F_WEST_MOUNTAIN_BOSS",False,10013,10029,0,20000,20001,7.38,340,0,0,170,1,40,191200,1000,100,50,100,0,2012,"Stage_WM_day",20,1,1,1,1,2,1,1,1,1,1,1,3,1,1,10,15,20,
2013,3005,"alo_st_day_015","alo_st_day_015_mapData","alo_st_day_015_unitData","alo_st_day","BGM_F_WORLDTREE_DAYTIME_BASIC","BGM_F_WORLDTREE_BOSS",False,10006,10021,10026,20000,20001,7.38,320,0,0,160,1,40,191300,1000,100,50,100,0,2013,"Stage_ST_day",20,1,1,1,1,2,1,1,1,1,1,1,3,1,1,10,15,20,
3001,7,"sao_wf_day_002","sao_wf_day_002_mapData","sao_wf_day_002_unitData","sao_dk_day","BGM_F_DANAK_DAYTIME_BASIC","BGM_F_DANAK_BOSS",False,10009,10021,0,20000,20001,5,460,0,0,230,1,8,200001,2000,100,50,100,0,3001,"Stage_DNK_day",20,1,1,1,1,2,1,1,1,1,1,1,3,1,1,10,15,20,
3002,18,"sao_wf_dusk_002","sao_wf_dusk_002_mapData","sao_wf_dusk_002_unitData","sao_wf_dusk","BGM_F_WEST_EVENING_BASIC","BGM_F_WEST_BOSS",False,10004,10022,0,20000,20001,6,460,0,0,230,1,9,200002,2000,100,50,100,0,3002,"Stage_WF_dusk",20,1,1,1,1,2,1,1,1,1,1,1,3,1,1,10,15,20,
3003,27,"sao_wf_night_002","sao_wf_night_002_mapData","sao_wf_night_002_unitData","sao_dk_night","BGM_F_DANAK_NIGHT_BASIC","BGM_F_DANAK_BOSS",False,10023,0,0,20000,20001,7,430,0,0,215,1,10,200003,2000,100,50,100,0,3003,"Stage_DNK_night",20,1,1,1,1,2,1,1,1,1,1,1,3,1,1,10,15,20,
3004,45,"alo_st_day_003","alo_st_day_003_mapData","alo_st_day_003_unitData","alo_st_day","BGM_F_WORLDTREE_DAYTIME_BASIC","BGM_F_WORLDTREE_BOSS",False,10006,10021,10026,20000,20001,8,460,0,0,230,1,11,200004,2000,100,50,100,0,3004,"Stage_ST_day",20,1,1,1,1,2,1,1,1,1,1,1,3,1,1,10,15,20,
3005,34,"sao_fm_74_002","sao_fm_74_002_mapData","sao_fm_74_002_unitData","sao_fm_47","BGM_F_LABYRINTH_BASIC","BGM_F_LABYRINTH_BOSS",False,10005,10024,0,20000,20001,9,460,0,0,230,1,13,200005,2000,100,50,100,0,3005,"Stage_FM",20,1,1,1,1,2,1,1,1,1,1,1,3,1,1,10,15,20,
3006,70,"ggo_at_dusk_001","ggo_at_dusk_001_mapData","ggo_at_dusk_001_unitData","ggo_at_dusk","BGM_F_RUIN_EVENING_BASIC","BGM_F_RUIN_BOSS",False,10008,10022,10031,20000,20001,10,460,0,0,230,1,14,200006,2000,100,50,100,0,3006,"Stage_GGO_dusk",20,1,1,1,1,2,1,1,1,1,1,1,3,1,1,10,15,20,
3007,60,"alo_ip_basic_001","alo_ip_basic_001_mapData","alo_ip_basic_001_unitData","alo_id_srymheimr","BGM_F_SRYMHEIMR_BASIC","BGM_F_SRYMHEIMR_BOSS",False,10007,10024,10029,20000,20001,11,460,0,0,230,1,15,200007,2000,100,50,100,0,3007,"Stage_SF",20,1,1,1,1,2,1,1,1,1,1,1,3,1,1,10,15,20,
3008,8,"sao_wf_day_003","sao_wf_day_003_mapData","sao_wf_day_003_unitData","sao_wf_day","BGM_F_WEST_DAYTIME_BASIC","BGM_F_WEST_BOSS",False,10004,10021,10025,20000,20001,12,430,0,0,215,1,16,200008,2000,100,50,100,0,3008,"Stage_WF_day",20,1,1,1,1,2,1,1,1,1,1,1,3,1,1,10,15,20,
3009,53,"alo_st_night_002","alo_st_night_002_mapData","alo_st_night_002_unitData","alo_st_night","BGM_F_WORLDTREE_NIGHT_BASIC","BGM_F_WORLDTREE_BOSS",False,10006,10023,10026,20000,20001,13,460,0,0,230,1,17,200009,2000,100,50,100,0,3009,"Stage_ST_night",20,1,1,1,1,2,1,1,1,1,1,1,3,1,1,10,15,20,
10001,991,"sao_wf_day_013","sao_wf_day_013_mapData","sao_wf_day_013_unitData","sao_wf_day","BGM_F_WEST_DAYTIME_BASIC","BGM_F_WEST_BOSS",False,10004,10021,0,20000,20001,19,400,0,0,200,1,20,200010,2000,100,50,100,0,3010,"Stage_WF_day",20,1,1,1,1,2,1,1,1,1,1,1,3,1,1,10,15,20,
3011,46,"alo_st_day_004","alo_st_day_004_mapData","alo_st_day_004_unitData","alo_st_day","BGM_F_WORLDTREE_DAYTIME_BASIC","BGM_F_WORLDTREE_BOSS",False,10006,10021,10026,20000,20001,20,400,0,0,200,1,21,200011,2000,100,50,100,0,3011,"Stage_ST_day",20,1,1,1,1,2,1,1,1,1,1,1,3,1,1,10,15,20,
3012,71,"ggo_at_dusk_002","ggo_at_dusk_002_mapData","ggo_at_dusk_002_unitData","ggo_at_dusk","BGM_F_RUIN_EVENING_BASIC","BGM_F_RUIN_BOSS",False,10008,10022,10031,20000,20001,21,380,0,0,190,1,22,200012,2000,100,50,100,0,3012,"Stage_GGO_dusk",20,1,1,1,1,2,1,1,1,1,1,1,3,1,1,10,15,20,
3013,36,"sao_fm_74_004","sao_fm_74_004_mapData","sao_fm_74_004_unitData","sao_fm_47","BGM_F_LABYRINTH_BASIC","BGM_F_LABYRINTH_BOSS",False,10005,10024,0,20000,20001,22,380,0,0,190,1,23,200013,2000,100,50,100,0,3013,"Stage_FM",20,1,1,1,1,2,1,1,1,1,1,1,3,1,1,10,15,20,
3014,20,"sao_wf_dusk_004","sao_wf_dusk_004_mapData","sao_wf_dusk_004_unitData","sao_dk_dusk","BGM_F_DANAK_EVENING_BASIC","BGM_F_DANAK_BOSS",False,10022,0,0,20000,20001,23,360,0,0,180,1,24,200014,2000,100,50,100,0,3014,"Stage_DNK_dusk",20,1,1,1,1,2,1,1,1,1,1,1,3,1,1,10,15,20,
3015,61,"alo_ip_basic_002","alo_ip_basic_002_mapData","alo_ip_basic_002_unitData","alo_id_srymheimr","BGM_F_SRYMHEIMR_BASIC","BGM_F_SRYMHEIMR_BOSS",False,10007,10024,10029,20000,20001,24,380,0,0,180,1,26,200015,2000,100,50,100,0,3015,"Stage_SF",20,1,1,1,1,2,1,1,1,1,1,1,3,1,1,10,15,20,
3016,78,"ggo_at_night_001","ggo_at_night_001_mapData","ggo_at_night_001_unitData","ggo_at_night","BGM_F_RUIN_NIGHT_BASIC","BGM_F_RUIN_BOSS",False,10008,10023,10031,20000,20001,25,380,0,0,190,1,27,200016,2000,100,50,100,0,3016,"Stage_GGO_night",20,1,1,1,1,2,1,1,1,1,1,1,3,1,1,10,15,20,
3017,9,"sao_wf_day_004","sao_wf_day_004_mapData","sao_wf_day_004_unitData","sao_wf_day","BGM_F_WEST_DAYTIME_BASIC","BGM_F_WEST_BOSS",False,10004,10021,10025,20000,20001,26,360,0,0,180,1,28,200017,2000,100,50,100,0,3017,"Stage_WF_day",20,1,1,1,1,2,1,1,1,1,1,1,3,1,1,10,15,20,
3018,28,"sao_wf_night_003","sao_wf_night_003_mapData","sao_wf_night_003_unitData","sao_wf_night","BGM_F_WEST_NIGHT_BASIC","BGM_F_WEST_BOSS",False,10004,10023,10025,20000,20001,27,380,0,0,190,1,29,200018,2000,100,50,100,0,3018,"Stage_WF_night",20,1,1,1,1,2,1,1,1,1,1,1,3,1,1,10,15,20,
3019,72,"ggo_at_dusk_003","ggo_at_dusk_003_mapData","ggo_at_dusk_003_unitData","ggo_at_dusk","BGM_F_RUIN_EVENING_BASIC","BGM_F_RUIN_BOSS",False,10008,10022,10031,20000,20001,28,380,0,0,190,1,30,200019,2000,100,50,100,0,3019,"Stage_GGO_dusk",20,1,1,1,1,2,1,1,1,1,1,1,3,1,1,10,15,20,
10002,992,"sao_wf_dusk_011","sao_wf_dusk_011_mapData","sao_wf_dusk_011_unitData","sao_wf_dusk","BGM_F_WEST_EVENING_BASIC","BGM_F_WEST_BOSS",False,10004,10022,10025,0,0,34,360,0,0,180,1,33,200020,2000,100,50,100,0,3020,"Stage_WF_dusk",20,1,1,1,1,2,1,1,1,1,1,1,3,1,1,10,15,20,
3021,47,"alo_st_day_005","alo_st_day_005_mapData","alo_st_day_005_unitData","alo_st_day","BGM_F_WORLDTREE_DAYTIME_BASIC","BGM_F_WORLDTREE_BOSS",False,10006,10021,10026,20000,20001,35,360,0,0,180,1,34,200021,2000,100,50,100,0,3021,"Stage_ST_day",20,1,1,1,1,2,1,1,1,1,1,1,3,1,1,10,15,20,
3022,10,"sao_wf_day_005","sao_wf_day_005_mapData","sao_wf_day_005_unitData","sao_wf_day","BGM_F_WEST_DAYTIME_BASIC","BGM_F_WEST_BOSS",False,10004,10021,10025,20000,20001,36,330,0,0,165,1,35,200022,2000,100,50,100,0,3022,"Stage_WF_day",20,1,1,1,1,2,1,1,1,1,1,1,3,1,1,10,15,20,
3023,62,"alo_ip_basic_003","alo_ip_basic_003_mapData","alo_ip_basic_003_unitData","alo_id_srymheimr","BGM_F_SRYMHEIMR_BASIC","BGM_F_SRYMHEIMR_BOSS",False,10007,10024,10029,20000,20001,37,360,0,0,180,1,36,200023,2000,100,50,100,0,3023,"Stage_SF",20,1,1,1,1,2,1,1,1,1,1,1,3,1,1,10,15,20,
3024,73,"ggo_at_dusk_004","ggo_at_dusk_004_mapData","ggo_at_dusk_004_unitData","ggo_at_dusk","BGM_F_RUIN_EVENING_BASIC","BGM_F_RUIN_BOSS",False,10008,10022,10031,20000,20001,38,330,0,0,165,1,37,200024,2000,100,50,100,0,3024,"Stage_GGO_dusk",20,1,1,1,1,2,1,1,1,1,1,1,3,1,1,10,15,20,
3025,29,"sao_wf_night_004","sao_wf_night_004_mapData","sao_wf_night_004_unitData","sao_dk_night","BGM_F_DANAK_NIGHT_BASIC","BGM_F_DANAK_BOSS",False,10023,0,0,20000,20001,39,360,0,0,180,1,39,200025,2000,100,50,100,0,3025,"Stage_DNK_night",20,1,1,1,1,2,1,1,1,1,1,1,3,1,1,10,15,20,
3026,39,"sao_fm_74_007","sao_fm_74_007_mapData","sao_fm_74_007_unitData","sao_fm_47","BGM_F_LABYRINTH_BASIC","BGM_F_LABYRINTH_BOSS",False,10005,10024,0,20000,20001,40,300,0,0,150,1,40,200026,2010,100,50,100,0,3026,"Stage_FM",20,1,1,1,1,2,1,1,1,1,1,1,3,1,1,10,15,20,
3027,21,"sao_wf_dusk_005","sao_wf_dusk_005_mapData","sao_wf_dusk_005_unitData","sao_wf_dusk","BGM_F_WEST_EVENING_BASIC","BGM_F_WEST_BOSS",False,10004,10022,10025,20000,20001,41,300,0,0,150,1,41,200027,2010,100,50,100,0,3027,"Stage_WF_dusk",20,1,1,1,1,2,1,1,1,1,1,1,3,1,1,10,15,20,
3028,55,"alo_st_night_004","alo_st_night_004_mapData","alo_st_night_004_unitData","alo_st_night","BGM_F_WORLDTREE_NIGHT_BASIC","BGM_F_WORLDTREE_BOSS",False,10006,10023,10026,20000,20001,42,360,0,0,180,1,42,200028,2010,100,50,100,0,3028,"Stage_ST_night",20,1,1,1,1,2,1,1,1,1,1,1,3,1,1,10,15,20,
3029,11,"sao_wf_day_006","sao_wf_day_006_mapData","sao_wf_day_006_unitData","sao_dk_day","BGM_F_DANAK_DAYTIME_BASIC","BGM_F_DANAK_BOSS",False,10009,10021,0,20000,20001,43,330,0,0,165,1,43,200029,2010,100,50,100,0,3029,"Stage_DNK_day",20,1,1,1,1,2,1,1,1,1,1,1,3,1,1,10,15,20,
10004,994,"ggo_at_dusk_009","ggo_at_dusk_009_mapData","ggo_at_dusk_009_unitData","ggo_at_dusk","BGM_F_RUIN_EVENING_BASIC","BGM_F_RUIN_BOSS",False,10008,10022,10031,0,0,49,360,0,0,180,1,46,200030,2010,100,50,100,0,3030,"Stage_GGO_dusk",20,1,1,1,1,2,1,1,1,1,1,1,3,1,1,10,15,20,
3031,56,"alo_st_night_005","alo_st_night_005_mapData","alo_st_night_005_unitData","alo_st_night","BGM_F_WORLDTREE_NIGHT_BASIC","BGM_F_WORLDTREE_BOSS",False,10006,10023,10026,20000,20001,50,360,0,0,180,1,47,200031,2010,100,50,100,0,3031,"Stage_ST_night",20,1,1,1,1,2,1,1,1,1,1,1,3,1,1,10,15,20,
3032,79,"ggo_at_night_002","ggo_at_night_002_mapData","ggo_at_night_002_unitData","ggo_at_night","BGM_F_RUIN_NIGHT_BASIC","BGM_F_RUIN_BOSS",False,10008,10023,10031,20000,20001,51,330,0,0,165,1,48,200032,2010,100,50,100,0,3032,"Stage_GGO_night",20,1,1,1,1,2,1,1,1,1,1,1,3,1,1,10,15,20,
3033,22,"sao_wf_dusk_006","sao_wf_dusk_006_mapData","sao_wf_dusk_006_unitData","sao_wf_dusk","BGM_F_WEST_EVENING_BASIC","BGM_F_WEST_BOSS",False,10004,10022,10025,20000,20001,52,330,0,0,165,1,49,200033,2010,100,50,100,0,3033,"Stage_WF_dusk",20,1,1,1,1,2,1,1,1,1,1,1,3,1,1,10,15,20,
3034,63,"alo_ip_basic_004","alo_ip_basic_004_mapData","alo_ip_basic_004_unitData","alo_id_srymheimr","BGM_F_SRYMHEIMR_BASIC","BGM_F_SRYMHEIMR_BOSS",False,10007,10024,10029,20000,20001,53,360,0,0,180,1,50,200034,2010,100,50,100,0,3034,"Stage_SF",20,1,1,1,1,2,1,1,1,1,1,1,3,1,1,10,15,20,
3035,74,"ggo_at_dusk_005","ggo_at_dusk_005_mapData","ggo_at_dusk_005_unitData","ggo_at_dusk","BGM_F_RUIN_EVENING_BASIC","BGM_F_RUIN_BOSS",False,10008,10022,10031,20000,20001,54,360,0,0,180,1,52,200035,2010,100,50,100,0,3035,"Stage_GGO_dusk",20,1,1,1,1,2,1,1,1,1,1,1,3,1,1,10,15,20,
3036,30,"sao_wf_night_005","sao_wf_night_005_mapData","sao_wf_night_005_unitData","sao_dk_night","BGM_F_DANAK_NIGHT_BASIC","BGM_F_DANAK_BOSS",False,10023,0,0,20000,20001,55,330,0,0,165,1,54,200036,2010,100,50,100,0,3036,"Stage_DNK_night",20,1,1,1,1,2,1,1,1,1,1,1,3,1,1,10,15,20,
3037,12,"sao_wf_day_007","sao_wf_day_007_mapData","sao_wf_day_007_unitData","sao_wf_day","BGM_F_WEST_DAYTIME_BASIC","BGM_F_WEST_BOSS",False,10004,10021,0,20000,20001,56,330,0,0,165,1,55,200037,2010,100,50,100,0,3037,"Stage_WF_day",20,1,1,1,1,2,1,1,1,1,1,1,3,1,1,10,15,20,
3038,41,"sao_fm_74_009","sao_fm_74_009_mapData","sao_fm_74_009_unitData","sao_fm_47","BGM_F_LABYRINTH_BASIC","BGM_F_LABYRINTH_BOSS",False,10005,10024,0,20000,20001,57,300,0,0,150,1,56,200038,2010,100,50,100,0,3038,"Stage_FM",20,1,1,1,1,2,1,1,1,1,1,1,3,1,1,10,15,20,
3039,48,"alo_st_day_006","alo_st_day_006_mapData","alo_st_day_006_unitData","alo_st_day","BGM_F_WORLDTREE_DAYTIME_BASIC","BGM_F_WORLDTREE_BOSS",False,10006,10021,10026,20000,20001,58,360,0,0,180,1,57,200039,2010,100,50,100,0,3039,"Stage_ST_day",20,1,1,1,1,2,1,1,1,1,1,1,3,1,1,10,15,20,
10003,993,"sao_wf_night_009","sao_wf_night_009_mapData","sao_wf_night_009_unitData","sao_wf_night","BGM_F_WEST_NIGHT_BASIC","BGM_F_WEST_BOSS",False,10004,10023,10025,0,0,64,360,0,0,180,1,60,200040,2010,100,50,100,0,3040,"Stage_WF_night",20,1,1,1,1,2,1,1,1,1,1,1,3,1,1,10,15,20,
3041,42,"sao_fm_74_010","sao_fm_74_010_mapData","sao_fm_74_010_unitData","sao_fm_47","BGM_F_LABYRINTH_BASIC","BGM_F_LABYRINTH_BOSS",False,10005,10024,0,20000,20001,65,330,0,0,165,1,61,200041,2010,100,50,100,0,3041,"Stage_FM",20,1,1,1,1,2,1,1,1,1,1,1,3,1,1,10,15,20,
3042,13,"sao_wf_day_008","sao_wf_day_008_mapData","sao_wf_day_008_unitData","sao_dk_day","BGM_F_DANAK_DAYTIME_BASIC","BGM_F_DANAK_BOSS",False,10009,10021,0,20000,20001,66,330,0,0,165,1,62,200042,2010,100,50,100,0,3042,"Stage_DNK_day",20,1,1,1,1,2,1,1,1,1,1,1,3,1,1,10,15,20,
3043,64,"alo_ip_basic_005","alo_ip_basic_005_mapData","alo_ip_basic_005_unitData","alo_id_srymheimr","BGM_F_SRYMHEIMR_BASIC","BGM_F_SRYMHEIMR_BOSS",False,10007,10024,10029,20000,20001,67,360,0,0,180,1,63,200043,2010,100,50,100,0,3043,"Stage_SF",20,1,1,1,1,2,1,1,1,1,1,1,3,1,1,10,15,20,
3044,31,"sao_wf_night_006","sao_wf_night_006_mapData","sao_wf_night_006_unitData","sao_wf_night","BGM_F_WEST_NIGHT_BASIC","BGM_F_WEST_BOSS",False,10004,10023,0,20000,20001,68,360,0,0,180,1,64,200044,2010,100,50,100,0,3044,"Stage_WF_night",20,1,1,1,1,2,1,1,1,1,1,1,3,1,1,10,15,20,
3045,40,"sao_fm_74_008","sao_fm_74_008_mapData","sao_fm_74_008_unitData","sao_fm_47","BGM_F_LABYRINTH_BASIC","BGM_F_LABYRINTH_BOSS",False,10005,10024,0,20000,20001,69,360,0,0,180,1,66,200045,2010,100,50,100,0,3045,"Stage_FM",20,1,1,1,1,2,1,1,1,1,1,1,3,1,1,10,15,20,
3046,65,"alo_ip_basic_006","alo_ip_basic_006_mapData","alo_ip_basic_006_unitData","alo_id_srymheimr","BGM_F_SRYMHEIMR_BASIC","BGM_F_SRYMHEIMR_BOSS",False,10007,10024,10029,20000,20001,70,360,0,0,180,1,67,200046,2010,100,50,100,0,3046,"Stage_SF",20,1,1,1,1,2,1,1,1,1,1,1,3,1,1,10,15,20,
3047,75,"ggo_at_dusk_006","ggo_at_dusk_006_mapData","ggo_at_dusk_006_unitData","ggo_at_dusk","BGM_F_RUIN_EVENING_BASIC","BGM_F_RUIN_BOSS",False,10008,10022,10031,20000,20001,71,330,0,0,165,1,68,200047,2010,100,50,100,0,3047,"Stage_GGO_dusk",20,1,1,1,1,2,1,1,1,1,1,1,3,1,1,10,15,20,
3048,57,"alo_st_night_006","alo_st_night_006_mapData","alo_st_night_006_unitData","alo_st_night","BGM_F_WORLDTREE_NIGHT_BASIC","BGM_F_WORLDTREE_BOSS",False,10006,10023,10026,20000,20001,72,360,0,0,180,1,69,200048,2010,100,50,100,0,3048,"Stage_ST_night",20,1,1,1,1,2,1,1,1,1,1,1,3,1,1,10,15,20,
3049,23,"sao_wf_dusk_007","sao_wf_dusk_007_mapData","sao_wf_dusk_007_unitData","sao_wf_dusk","BGM_F_WEST_EVENING_BASIC","BGM_F_WEST_BOSS",False,10004,10022,10025,20000,20001,73,330,0,0,165,1,70,200049,2010,100,50,100,0,3049,"Stage_WF_dusk",20,1,1,1,1,2,1,1,1,1,1,1,3,1,1,10,15,20,
10005,995,"alo_ip_basic_011","alo_ip_basic_011_mapData","alo_ip_basic_011_unitData","alo_id_srymheimr","BGM_F_SRYMHEIMR_BASIC","BGM_F_SRYMHEIMR_BOSS",False,10007,10024,10029,0,0,79,460,0,0,230,1,73,200050,2010,100,50,100,0,3050,"Stage_SF",20,1,1,1,1,2,1,1,1,1,1,1,3,1,1,10,15,20,
3051,4001,"ggo_at_dusk_011","ggo_at_dusk_011_mapData","ggo_at_dusk_011_unitData","ggo_at_dusk","BGM_F_RUIN_EVENING_BASIC","BGM_F_RUIN_BOSS",False,10008,10022,10031,20000,20001,80,330,0,0,165,1,71,200051,2020,100,50,100,0,3051,"Stage_GGO_dusk",20,1,1,1,1,2,1,1,1,1,1,1,3,1,1,10,15,20,
3052,4002,"sao_wf_dusk_014","sao_wf_dusk_014_mapData","sao_wf_dusk_014_unitData","sao_wf_dusk","BGM_F_WEST_EVENING_BASIC","BGM_F_WEST_BOSS",False,10004,10022,10025,20000,20001,81,310,0,0,155,1,72,200052,2020,100,50,100,0,3052,"Stage_WF_dusk",20,1,1,1,1,2,1,1,1,1,1,1,3,1,1,10,15,20,
3053,4003,"sao_ff_day_005","sao_ff_day_005_mapData","sao_ff_day_005_unitData","sao_ff_day","BGM_F_FLORIA_DAYTIME_BASIC","BGM_F_FLORIA_BOSS",False,10010,10021,0,20000,20001,82,360,0,0,180,1,73,200053,2020,100,50,100,0,3053,"Stage_FLO_day",20,1,1,1,1,2,1,1,1,1,1,1,3,1,1,10,15,20,
3054,4004,"ggo_gt_day_003","ggo_gt_day_003_mapData","ggo_gt_day_003_unitData","ggo_gt_day","BGM_F_GLOCKEN_DAYTIME_BASIC","BGM_F_GLOCKEN_BOSS",False,10017,0,0,20000,20001,83,340,0,0,170,1,74,200054,2020,100,50,100,0,3054,"Stage_GLO_day",20,1,1,1,1,2,1,1,1,1,1,1,3,1,1,10,15,20,
3055,4005,"sao_wf_day_022","sao_wf_day_022_mapData","sao_wf_day_022_unitData","sao_dk_day","BGM_F_DANAK_DAYTIME_BASIC","BGM_F_DANAK_BOSS",False,10009,10021,0,20000,20001,84,320,0,0,160,1,77,200055,2020,100,50,100,0,3055,"Stage_DNK_day",20,1,1,1,1,2,1,1,1,1,1,1,3,1,1,10,15,20,
3056,4006,"alo_ip_basic_013","alo_ip_basic_013_mapData","alo_ip_basic_013_unitData","alo_id_srymheimr","BGM_F_SRYMHEIMR_BASIC","BGM_F_SRYMHEIMR_BOSS",False,10007,10024,10029,20000,20001,85,340,0,0,170,1,78,200056,2020,100,50,100,0,3056,"Stage_SF",20,1,1,1,1,2,1,1,1,1,1,1,3,1,1,10,15,20,
3057,4007,"sao_wf_night_012","sao_wf_night_012_mapData","sao_wf_night_012_unitData","sao_wf_night","BGM_F_WEST_NIGHT_BASIC","BGM_F_WEST_BOSS",False,10004,10023,0,20000,20001,86,330,0,0,165,1,79,200057,2020,100,50,100,0,3057,"Stage_WF_night",20,1,1,1,1,2,1,1,1,1,1,1,3,1,1,10,15,20,
3058,4008,"alo_st_day_013","alo_st_day_013_mapData","alo_st_day_013_unitData","alo_st_day","BGM_F_WORLDTREE_DAYTIME_BASIC","BGM_F_WORLDTREE_BOSS",False,10006,10021,10026,20000,20001,87,360,0,0,180,1,80,200058,2020,100,50,100,0,3058,"Stage_ST_day",20,1,1,1,1,2,1,1,1,1,1,1,3,1,1,10,15,20,
3059,4009,"sao_ff_dusk_004","sao_ff_dusk_004_mapData","sao_ff_dusk_004_unitData","sao_ff_dusk","BGM_F_FLORIA_EVENING_BASIC","BGM_F_FLORIA_BOSS",False,10010,10022,0,20000,20001,88,320,0,0,160,1,81,200059,2020,100,50,100,0,3059,"Stage_FLO_dusk",20,1,1,1,1,2,1,1,1,1,1,1,3,1,1,10,15,20,
3060,4010,"sao_fm_74_014","sao_fm_74_014_mapData","sao_fm_74_014_unitData","sao_fm_47","BGM_F_LABYRINTH_BASIC","BGM_F_LABYRINTH_BOSS",False,10005,10024,0,0,0,89,360,0,0,180,1,85,200060,2020,100,50,100,0,3060,"Stage_FM",20,1,1,1,1,2,1,1,1,1,1,1,3,1,1,10,15,20,
3061,4011,"sao_wf_day_026","sao_wf_day_026_mapData","sao_wf_day_026_unitData","sao_wf_day","BGM_F_WEST_DAYTIME_BASIC","BGM_F_WEST_BOSS",False,10004,10021,0,20000,20001,90,320,0,0,160,1,86,200061,2020,100,50,100,0,3061,"Stage_WF_day",20,1,1,1,1,2,1,1,1,1,1,1,3,1,1,10,15,20,
3062,4012,"ggo_at_night_007","ggo_at_night_007_mapData","ggo_at_night_007_unitData","ggo_at_night","BGM_F_RUIN_NIGHT_BASIC","BGM_F_RUIN_BOSS",False,10008,10023,10031,20000,20001,91,360,0,0,180,1,87,200062,2020,100,50,100,0,3062,"Stage_GGO_night",20,1,1,1,1,2,1,1,1,1,1,1,3,1,1,10,15,20,
3063,4013,"alo_st_night_010","alo_st_night_010_mapData","alo_st_night_010_unitData","alo_st_night","BGM_F_WORLDTREE_NIGHT_BASIC","BGM_F_WORLDTREE_BOSS",False,10006,10023,10026,20000,20001,92,320,0,0,160,1,88,200063,2020,100,50,100,0,3063,"Stage_ST_night",20,1,1,1,1,2,1,1,1,1,1,1,3,1,1,10,15,20,
3064,4014,"sao_wf_day_021","sao_wf_day_021_mapData","sao_wf_day_021_unitData","sao_wf_day","BGM_F_WEST_DAYTIME_BASIC","BGM_F_WEST_BOSS",False,10004,10021,0,20000,20001,93,320,0,0,160,1,89,200064,2020,100,50,100,0,3064,"Stage_WF_day",20,1,1,1,1,2,1,1,1,1,1,1,3,1,1,10,15,20,
3065,4015,"ggo_gt_night_005","ggo_gt_night_005_mapData","ggo_gt_night_005_unitData","ggo_gt_night","BGM_F_GLOCKEN_NIGHT_BASIC","BGM_F_GLOCKEN_BOSS",False,10017,0,0,20000,20001,94,360,0,0,180,1,92,200065,2020,100,50,100,0,3065,"Stage_GLO_dusk",20,1,1,1,1,2,1,1,1,1,1,1,3,1,1,10,15,20,
3066,4016,"sao_ff_day_006","sao_ff_day_006_mapData","sao_ff_day_006_unitData","sao_ff_day","BGM_F_FLORIA_DAYTIME_BASIC","BGM_F_FLORIA_BOSS",False,10010,10021,0,20000,20001,95,330,0,0,165,1,93,200066,2020,100,50,100,0,3066,"Stage_FLO_day",20,1,1,1,1,2,1,1,1,1,1,1,3,1,1,10,15,20,
3067,4017,"sao_fm_74_015","sao_fm_74_015_mapData","sao_fm_74_015_unitData","sao_fm_47","BGM_F_LABYRINTH_BASIC","BGM_F_LABYRINTH_BOSS",False,10005,10024,0,20000,20001,96,320,0,0,160,1,94,200067,2020,100,50,100,0,3067,"Stage_FM",20,1,1,1,1,2,1,1,1,1,1,1,3,1,1,10,15,20,
3068,4018,"alo_ip_basic_014","alo_ip_basic_014_mapData","alo_ip_basic_014_unitData","alo_id_srymheimr","BGM_F_SRYMHEIMR_BASIC","BGM_F_SRYMHEIMR_BOSS",False,10007,10024,10029,20000,20001,97,350,0,0,175,1,95,200068,2020,100,50,100,0,3068,"Stage_SF",20,1,1,1,1,2,1,1,1,1,1,1,3,1,1,10,15,20,
3069,4019,"sao_wf_dusk_012","sao_wf_dusk_012_mapData","sao_wf_dusk_012_unitData","sao_wf_dusk","BGM_F_WEST_EVENING_BASIC","BGM_F_WEST_BOSS",False,10004,10022,10025,20000,20001,98,360,0,0,180,1,96,200069,2020,100,50,100,0,3069,"Stage_WF_dusk",20,1,1,1,1,2,1,1,1,1,1,1,3,1,1,10,15,20,
3070,4020,"ggo_at_dusk_012","ggo_at_dusk_012_mapData","ggo_at_dusk_012_unitData","ggo_at_dusk","BGM_F_RUIN_EVENING_BASIC","BGM_F_RUIN_BOSS",False,10008,10031,0,0,0,99,380,0,0,190,1,100,200070,2020,100,50,100,0,3070,"Stage_GGO_dusk",20,1,1,1,1,2,1,1,1,1,1,1,3,1,1,10,15,20,
3071,4021,"sao_ff_dusk_005","sao_ff_dusk_005_mapData","sao_ff_dusk_005_unitData","sao_ff_dusk","BGM_F_FLORIA_EVENING_BASIC","BGM_F_FLORIA_BOSS",False,10010,10022,0,20000,20001,100,330,0,0,165,1,101,200071,2020,100,50,100,0,3071,"Stage_FLO_dusk",20,1,1,1,1,2,1,1,1,1,1,1,3,1,1,10,15,20,
3072,4022,"sao_fm_74_016","sao_fm_74_016_mapData","sao_fm_74_016_unitData","sao_fm_47","BGM_F_LABYRINTH_BASIC","BGM_F_LABYRINTH_BOSS",False,10005,10024,0,20000,20001,101,380,0,0,190,1,102,200072,2020,100,50,100,0,3072,"Stage_FM",20,1,1,1,1,2,1,1,1,1,1,1,3,1,1,10,15,20,
3073,4023,"sao_wf_day_019","sao_wf_day_019_mapData","sao_wf_day_019_unitData","sao_dk_day","BGM_F_DANAK_DAYTIME_BASIC","BGM_F_DANAK_BOSS",False,10009,10021,0,20000,20001,102,320,0,0,160,1,103,200073,2020,100,50,100,0,3073,"Stage_DNK_day",20,1,1,1,1,2,1,1,1,1,1,1,3,1,1,10,15,20,
3074,4024,"ggo_at_dusk_010","ggo_at_dusk_010_mapData","ggo_at_dusk_010_unitData","ggo_at_dusk","BGM_F_RUIN_EVENING_BASIC","BGM_F_RUIN_BOSS",False,10008,10031,0,20000,20001,103,360,0,0,180,1,104,200074,2020,100,50,100,0,3074,"Stage_GGO_dusk",20,1,1,1,1,2,1,1,1,1,1,1,3,1,1,10,15,20,
3075,4025,"alo_ti_day_006","alo_ti_day_006_mapData","alo_ti_day_006_unitData","alo_ti_day","BGM_F_COAST_BASIC","BGM_F_WEST_BOSS",False,20004,10025,0,20000,20001,104,380,0,0,190,1,105,200075,2020,100,50,100,0,3075,"Stage_TI_day",20,1,1,1,1,2,1,1,1,1,1,1,3,1,1,10,15,20,
3076,4026,"alo_st_night_009","alo_st_night_009_mapData","alo_st_night_009_unitData","alo_st_night","BGM_F_WORLDTREE_NIGHT_BASIC","BGM_F_WORLDTREE_BOSS",False,10006,10023,10026,20000,20001,105,320,0,0,160,1,106,200076,2030,100,50,100,0,3076,"Stage_ST_night",20,1,1,1,1,2,1,1,1,1,1,1,3,1,1,10,15,20,
3077,4027,"sao_wm_day_001","sao_wm_day_001_mapData","sao_wm_day_001_unitData","sao_wm_day","BGM_F_WEST_MOUNTAIN_BASIC","BGM_F_WEST_MOUNTAIN_BOSS",False,10013,10029,0,20000,20001,106,360,0,0,180,1,107,200077,2030,100,50,100,0,3077,"Stage_WM_day",20,1,1,1,1,2,1,1,1,1,1,1,3,1,1,10,15,20,
3078,4028,"sao_wf_night_014","sao_wf_night_014_mapData","sao_wf_night_014_unitData","sao_wf_night","BGM_F_WEST_NIGHT_BASIC","BGM_F_WEST_BOSS",False,10004,10023,0,20000,20001,107,380,0,0,190,1,108,200078,2030,100,50,100,0,3078,"Stage_WF_night",20,1,1,1,1,2,1,1,1,1,1,1,3,1,1,10,15,20,
3079,4029,"sao_wf_dusk_015","sao_wf_dusk_015_mapData","sao_wf_dusk_015_unitData","sao_dk_dusk","BGM_F_DANAK_EVENING_BASIC","BGM_F_DANAK_BOSS",False,10022,0,0,20000,20001,108,320,0,0,160,1,109,200079,2030,100,50,100,0,3079,"Stage_DNK_dusk",20,1,1,1,1,2,1,1,1,1,1,1,3,1,1,10,15,20,
3080,4030,"ggo_gt_day_004","ggo_gt_day_004_mapData","ggo_gt_day_004_unitData","ggo_gt_day","BGM_F_GLOCKEN_DAYTIME_BASIC","BGM_F_GLOCKEN_BOSS",False,10017,0,0,0,0,109,400,0,0,200,1,110,200080,2030,100,50,100,0,3080,"Stage_GLO_day",20,1,1,1,1,2,1,1,1,1,1,1,3,1,1,10,15,20,
3081,4031,"ggo_at_night_004","ggo_at_night_004_mapData","ggo_at_night_004_unitData","ggo_at_night","BGM_F_RUIN_NIGHT_BASIC","BGM_F_RUIN_BOSS",False,10008,10023,10031,20000,20001,110,360,0,0,180,1,110,200081,2030,100,50,100,0,3081,"Stage_GGO_night",20,1,1,1,1,2,1,1,1,1,1,1,3,1,1,10,15,20,
3082,4032,"sao_wf_day_020","sao_wf_day_020_mapData","sao_wf_day_020_unitData","sao_wf_day","BGM_F_WEST_DAYTIME_BASIC","BGM_F_WEST_BOSS",False,10004,10021,0,20000,20001,111,380,0,0,190,1,110,200082,2030,100,50,100,0,3082,"Stage_WF_day",20,1,1,1,1,2,1,1,1,1,1,1,3,1,1,10,15,20,
3083,4033,"alo_ti_day_007","alo_ti_day_007_mapData","alo_ti_day_007_unitData","alo_ti_day","BGM_F_COAST_BASIC","BGM_F_WEST_BOSS",False,20004,10025,0,20000,20001,112,360,0,0,180,1,110,200083,2030,100,50,100,0,3083,"Stage_TI_day",20,1,1,1,1,2,1,1,1,1,1,1,3,1,1,10,15,20,
3084,4034,"ggo_gt_night_002","ggo_gt_night_002_mapData","ggo_gt_night_002_unitData","ggo_gt_night","BGM_F_GLOCKEN_NIGHT_BASIC","BGM_F_GLOCKEN_BOSS",False,10017,0,0,20000,20001,113,360,0,0,180,1,110,200084,2030,100,50,100,0,3084,"Stage_GLO_dusk",20,1,1,1,1,2,1,1,1,1,1,1,3,1,1,10,15,20,
3085,4035,"ggo_at_dusk_014","ggo_at_dusk_014_mapData","ggo_at_dusk_014_unitData","ggo_at_dusk","BGM_F_RUIN_EVENING_BASIC","BGM_F_RUIN_BOSS",False,10008,10031,0,20000,20001,114,380,0,0,190,1,110,200085,2030,100,50,100,0,3085,"Stage_GGO_dusk",20,1,1,1,1,2,1,1,1,1,1,1,3,1,1,10,15,20,
3086,4036,"sao_ff_dusk_006","sao_ff_dusk_006_mapData","sao_ff_dusk_006_unitData","sao_ff_dusk","BGM_F_FLORIA_EVENING_BASIC","BGM_F_FLORIA_BOSS",False,10010,10021,0,20000,20001,115,340,0,0,170,1,110,200086,2030,100,50,100,0,3086,"Stage_FLO_dusk",20,1,1,1,1,2,1,1,1,1,1,1,3,1,1,10,15,20,
3087,4037,"sao_wm_night_001","sao_wm_night_001_mapData","sao_wm_night_001_unitData","sao_wm_night","BGM_F_WEST_MOUNTAIN_BASIC","BGM_F_WEST_MOUNTAIN_BOSS",False,10013,10029,0,20000,20001,116,360,0,0,180,1,110,200087,2030,100,50,100,0,3087,"Stage_WM_night",20,1,1,1,1,2,1,1,1,1,1,1,3,1,1,10,15,20,
3088,4038,"sao_fm_74_017","sao_fm_74_017_mapData","sao_fm_74_017_unitData","sao_fm_47","BGM_F_LABYRINTH_BASIC","BGM_F_LABYRINTH_BOSS",False,10005,10024,0,20000,20001,117,380,0,0,190,1,110,200088,2030,100,50,100,0,3088,"Stage_FM",20,1,1,1,1,2,1,1,1,1,1,1,3,1,1,10,15,20,
3089,4039,"alo_st_night_011","alo_st_night_011_mapData","alo_st_night_011_unitData","alo_st_night","BGM_F_WORLDTREE_NIGHT_BASIC","BGM_F_WORLDTREE_BOSS",False,10006,10023,10026,20000,20001,118,340,0,0,170,1,110,200089,2030,100,50,100,0,3089,"Stage_ST_night",20,1,1,1,1,2,1,1,1,1,1,1,3,1,1,10,15,20,
3090,4040,"alo_ip_basic_015","alo_ip_basic_015_mapData","alo_ip_basic_015_unitData","alo_id_srymheimr","BGM_F_SRYMHEIMR_BASIC","BGM_F_SRYMHEIMR_BOSS",False,10007,10024,10029,0,0,119,400,0,0,200,1,110,200090,2030,100,50,100,0,3090,"Stage_SF",20,1,1,1,1,2,1,1,1,1,1,1,3,1,1,10,15,20,
3091,4041,"sao_wf_dusk_016","sao_wf_dusk_016_mapData","sao_wf_dusk_016_unitData","sao_dk_dusk","BGM_F_DANAK_EVENING_BASIC","BGM_F_DANAK_BOSS",False,10022,0,0,20000,20001,120,340,0,0,170,1,110,200091,2030,100,50,100,0,3091,"Stage_DNK_dusk",20,1,1,1,1,2,1,1,1,1,1,1,3,1,1,10,15,20,
3092,4042,"ggo_at_night_009","ggo_at_night_009_mapData","ggo_at_night_009_unitData","ggo_at_night","BGM_F_RUIN_NIGHT_BASIC","BGM_F_RUIN_BOSS",False,10008,10023,10031,20000,20001,121,380,0,0,190,1,110,200092,2030,100,50,100,0,3092,"Stage_GGO_night",20,1,1,1,1,2,1,1,1,1,1,1,3,1,1,10,15,20,
3093,4043,"alo_ti_day_008","alo_ti_day_008_mapData","alo_ti_day_008_unitData","alo_ti_day","BGM_F_COAST_BASIC","BGM_F_WEST_BOSS",False,20004,10025,0,20000,20001,122,360,0,0,180,1,110,200093,2030,100,50,100,0,3093,"Stage_TI_day",20,1,1,1,1,2,1,1,1,1,1,1,3,1,1,10,15,20,
3094,4044,"alo_st_day_012","alo_st_day_012_mapData","alo_st_day_012_unitData","alo_st_day","BGM_F_WORLDTREE_DAYTIME_BASIC","BGM_F_WORLDTREE_BOSS",False,10006,10021,10026,20000,20001,123,340,0,0,170,1,110,200094,2030,100,50,100,0,3094,"Stage_ST_day",20,1,1,1,1,2,1,1,1,1,1,1,3,1,1,10,15,20,
3095,4045,"sao_lw_night_001","sao_lw_night_001_mapData","sao_lw_night_001_unitData","sao_lw_night","BGM_F_LOST_FOREST_BASIC","BGM_F_LOST_FOREST_BOSS",False,10014,10029,0,20000,20001,124,400,0,0,200,1,110,200095,2030,100,50,100,0,3095,"Stage_LW_night",20,1,1,1,1,2,1,1,1,1,1,1,3,1,1,10,15,20,
3096,4046,"sao_ff_dusk_002","sao_ff_dusk_002_mapData","sao_ff_dusk_002_unitData","sao_ff_dusk","BGM_F_FLORIA_EVENING_BASIC","BGM_F_FLORIA_BOSS",False,10010,10022,0,20000,20001,125,340,0,0,170,1,110,200096,2030,100,50,100,0,3096,"Stage_FLO_dusk",20,1,1,1,1,2,1,1,1,1,1,1,3,1,1,10,15,20,
3097,4047,"sao_wf_day_016","sao_wf_day_016_mapData","sao_wf_day_016_unitData","sao_dk_day","BGM_F_DANAK_DAYTIME_BASIC","BGM_F_DANAK_BOSS",False,10009,10021,0,20000,20001,126,340,0,0,170,1,110,200097,2030,100,50,100,0,3097,"Stage_DNK_day",20,1,1,1,1,2,1,1,1,1,1,1,3,1,1,10,15,20,
3098,4048,"ggo_gt_day_005","ggo_gt_day_005_mapData","ggo_gt_day_005_unitData","ggo_gt_day","BGM_F_GLOCKEN_DAYTIME_BASIC","BGM_F_GLOCKEN_BOSS",False,10017,0,0,20000,20001,127,380,0,0,190,1,110,200098,2030,100,50,100,0,3098,"Stage_GLO_day",20,1,1,1,1,2,1,1,1,1,1,1,3,1,1,10,15,20,
3099,4049,"alo_st_night_012","alo_st_night_012_mapData","alo_st_night_012_unitData","alo_st_night","BGM_F_WORLDTREE_NIGHT_BASIC","BGM_F_WORLDTREE_BOSS",False,10006,10023,10026,20000,20001,128,340,0,0,170,1,110,200099,2030,100,50,100,0,3099,"Stage_ST_night",20,1,1,1,1,2,1,1,1,1,1,1,3,1,1,10,15,20,
3100,4050,"sao_wm_dawn_001","sao_wm_dawn_001_mapData","sao_wm_dawn_001_unitData","sao_wm_dawn","BGM_F_WEST_MOUNTAIN_BASIC","BGM_F_PUNISHER_BOSS",False,10013,10029,0,0,0,129,400,0,0,200,1,110,200100,2030,100,50,100,0,3100,"Stage_WM_dawn",20,1,1,1,1,2,1,1,1,1,1,1,3,1,1,10,15,20,
4011,6001,"alo_st_day_014","alo_st_day_014_mapData","alo_st_day_014_unitData","alo_st_day","BGM_F_WORLDTREE_DAYTIME_BASIC","BGM_F_WORLDTREE_BOSS",False,10006,10021,10026,20000,20001,20,340,0,0,170,1,110,201001,2030,100,50,100,0,4011,"Stage_ST_day",20,1,1,1,1,2,1,1,1,1,1,1,3,1,1,10,15,20,
4012,6002,"sao_ff_day_003","sao_ff_day_003_mapData","sao_ff_day_003_unitData","sao_ff_day","BGM_F_FLORIA_DAYTIME_BASIC","BGM_F_FLORIA_BOSS",False,10010,10021,0,20000,20001,22,360,0,0,180,1,110,201002,2030,100,50,100,0,4012,"Stage_FLO_day",20,1,1,1,1,2,1,1,1,1,1,1,3,1,1,10,15,20,
4013,6003,"ggo_at_dusk_015","ggo_at_dusk_015_mapData","ggo_at_dusk_015_unitData","ggo_at_dusk","BGM_F_RUIN_EVENING_BASIC","BGM_F_RUIN_BOSS",False,10008,10031,0,20000,20001,24,380,0,0,190,1,110,201003,2030,100,50,100,0,4013,"Stage_GGO_dusk",20,1,1,1,1,2,1,1,1,1,1,1,3,1,1,10,15,20,
4014,6004,"sao_wm_night_002","sao_wm_night_002_mapData","sao_wm_night_002_unitData","sao_wm_night","BGM_F_WEST_MOUNTAIN_BASIC","BGM_F_WEST_MOUNTAIN_BOSS",False,10013,10029,0,20000,20001,26,400,0,0,200,1,120,201004,2030,100,50,100,0,4014,"Stage_WM_night",20,1,1,1,1,2,1,1,1,1,1,1,3,1,1,10,15,20,
4021,6005,"sao_fm_74_018","sao_fm_74_018_mapData","sao_fm_74_018_unitData","sao_fm_47","BGM_F_LABYRINTH_BASIC","BGM_F_LABYRINTH_BOSS",False,10005,10024,0,20000,20001,20,340,0,0,170,1,110,202001,2030,100,50,100,0,4021,"Stage_FM",20,1,1,1,1,2,1,1,1,1,1,1,3,1,1,10,15,20,
4022,6006,"alo_ip_basic_016","alo_ip_basic_016_mapData","alo_ip_basic_016_unitData","alo_id_srymheimr","BGM_F_SRYMHEIMR_BASIC","BGM_F_SRYMHEIMR_BOSS",False,10007,10024,10029,20000,20001,22,380,0,0,190,1,110,202002,2030,100,50,100,0,4022,"Stage_SF",20,1,1,1,1,2,1,1,1,1,1,1,3,1,1,10,15,20,
4023,6007,"sao_wf_night_015","sao_wf_night_015_mapData","sao_wf_night_015_unitData","sao_wf_night","BGM_F_WEST_NIGHT_BASIC","BGM_F_WEST_BOSS",False,10004,10023,0,20000,20001,24,380,0,0,190,1,110,202003,2030,100,50,100,0,4023,"Stage_WF_night",20,1,1,1,1,2,1,1,1,1,1,1,3,1,1,10,15,20,
4024,6008,"ggo_gt_day_006","ggo_gt_day_006_mapData","ggo_gt_day_006_unitData","ggo_gt_day","BGM_F_GLOCKEN_DAYTIME_BASIC","BGM_F_GLOCKEN_BOSS",False,10017,0,0,20000,20001,26,400,0,0,200,1,120,202004,2030,100,50,100,0,4024,"Stage_GLO_day",20,1,1,1,1,2,1,1,1,1,1,1,3,1,1,10,15,20,
4031,6009,"alo_ti_day_009","alo_ti_day_009_mapData","alo_ti_day_009_unitData","alo_ti_day","BGM_F_COAST_BASIC","BGM_F_WEST_BOSS",False,20004,10025,0,20000,20001,20,360,0,0,180,1,110,203001,2030,100,50,100,0,4031,"Stage_TI_day",20,1,1,1,1,2,1,1,1,1,1,1,3,1,1,10,15,20,
4032,6010,"alo_ti_day_010","alo_ti_day_010_mapData","alo_ti_day_010_unitData","alo_ti_day","BGM_F_COAST_BASIC","BGM_F_WEST_BOSS",False,20004,10025,0,20000,20001,22,360,0,0,180,1,110,203002,2030,100,50,100,0,4032,"Stage_TI_day",20,1,1,1,1,2,1,1,1,1,1,1,3,1,1,10,15,20,
4033,6011,"alo_ti_day_011","alo_ti_day_011_mapData","alo_ti_day_011_unitData","alo_ti_day","BGM_F_COAST_BASIC","BGM_F_WEST_BOSS",False,20004,10025,0,20000,20001,24,380,0,0,190,1,110,203003,2030,100,50,100,0,4033,"Stage_TI_day",20,1,1,1,1,2,1,1,1,1,1,1,3,1,1,10,15,20,
4034,6012,"alo_ti_day_012","alo_ti_day_012_mapData","alo_ti_day_012_unitData","alo_ti_day","BGM_F_COAST_BASIC","BGM_F_WEST_BOSS",False,20004,10025,0,20000,20001,26,400,0,0,200,1,120,203004,2030,100,50,100,0,4034,"Stage_TI_day",20,1,1,1,1,2,1,1,1,1,1,1,3,1,1,10,15,20,
4041,6013,"sao_wf_night_016","sao_wf_night_016_mapData","sao_wf_night_016_unitData","sao_wf_night","BGM_F_WEST_NIGHT_BASIC","BGM_F_WEST_BOSS",False,10004,10023,0,20000,20001,20,360,0,0,180,1,110,204001,2030,100,50,100,0,4041,"Stage_WF_night",20,1,1,1,1,2,1,1,1,1,1,1,3,1,1,10,15,20,
4042,6014,"sao_ff_day_007","sao_ff_day_007_mapData","sao_ff_day_007_unitData","sao_ff_day","BGM_F_FLORIA_DAYTIME_BASIC","BGM_F_FLORIA_BOSS",False,10010,10021,0,20000,20001,22,360,0,0,180,1,110,204002,2030,100,50,100,0,4042,"Stage_FLO_day",20,1,1,1,1,2,1,1,1,1,1,1,3,1,1,10,15,20,
4043,6015,"sao_wf_day_028","sao_wf_day_028_mapData","sao_wf_day_028_unitData","sao_wf_day","BGM_F_WEST_DAYTIME_BASIC","BGM_F_WEST_BOSS",False,10004,10021,0,20000,20001,24,380,0,0,190,1,110,204003,2030,100,50,100,0,4043,"Stage_WF_day",20,1,1,1,1,2,1,1,1,1,1,1,3,1,1,10,15,20,
4044,6016,"alo_st_day_016","alo_st_day_016_mapData","alo_st_day_016_unitData","alo_st_day","BGM_F_WORLDTREE_DAYTIME_BASIC","BGM_F_WORLDTREE_BOSS",False,10006,10021,10026,20000,20001,26,400,0,0,200,1,120,204004,2030,100,50,100,0,4044,"Stage_ST_day",20,1,1,1,1,2,1,1,1,1,1,1,3,1,1,10,15,20,
4051,6017,"sao_fm_74_019","sao_fm_74_019_mapData","sao_fm_74_019_unitData","sao_fm_47","BGM_F_LABYRINTH_BASIC","BGM_F_LABYRINTH_BOSS",False,10005,10024,0,20000,20001,20,300,0,0,170,1,110,205001,2030,100,50,100,0,4051,"Stage_FM",20,1,1,1,1,2,1,1,1,1,1,1,3,1,1,10,15,20,
4052,6018,"alo_st_night_013","alo_st_night_013_mapData","alo_st_night_013_unitData","alo_st_night","BGM_F_WORLDTREE_NIGHT_BASIC","BGM_F_WORLDTREE_BOSS",False,10006,10023,10026,20000,20001,16.6,320,0,0,170,1,110,205002,2030,100,50,100,0,4052,"Stage_ST_night",20,1,1,1,1,2,1,1,1,1,1,1,3,1,1,10,15,20,
4053,6019,"sao_ff_day_008","sao_ff_day_008_mapData","sao_ff_day_008_unitData","sao_ff_day","BGM_F_FLORIA_DAYTIME_BASIC","BGM_F_FLORIA_BOSS",False,10010,10021,0,20000,20001,22,330,0,0,180,1,110,205003,2030,100,50,100,0,4053,"Stage_FLO_day",20,1,1,1,1,2,1,1,1,1,1,1,3,1,1,10,15,20,
4054,6020,"sao_lw_night_002","sao_lw_night_002_mapData","sao_lw_night_002_unitData","sao_lw_night","BGM_F_LOST_FOREST_BASIC","BGM_F_LOST_FOREST_BOSS",False,10014,10029,0,20000,20001,16.2,340,0,0,200,1,110,205004,2030,100,50,100,0,4054,"Stage_LW_night",20,1,1,1,1,2,1,1,1,1,1,1,3,1,1,10,15,20,
4061,6021,"alo_ip_basic_017","alo_ip_basic_017_mapData","alo_ip_basic_017_unitData","alo_id_srymheimr","BGM_F_SRYMHEIMR_BASIC","BGM_F_SRYMHEIMR_BOSS",False,10007,10024,10029,20000,20001,20,300,0,0,170,1,110,206001,2030,100,50,100,0,4061,"Stage_SF",20,1,1,1,1,2,1,1,1,1,1,1,3,1,1,10,15,20,
4062,6022,"ggo_gt_night_006","ggo_gt_night_006_mapData","ggo_gt_night_006_unitData","ggo_gt_night","BGM_F_GLOCKEN_NIGHT_BASIC","BGM_F_GLOCKEN_BOSS",False,10017,0,0,20000,20001,22,320,0,0,170,1,110,206002,2030,100,50,100,0,4062,"Stage_GLO_dusk",20,1,1,1,1,2,1,1,1,1,1,1,3,1,1,10,15,20,
4063,6023,"sao_wf_dusk_019","sao_wf_dusk_019_mapData","sao_wf_dusk_019_unitData","sao_wf_dusk","BGM_F_WEST_EVENING_BASIC","BGM_F_WEST_BOSS",False,10004,10022,10025,20000,20001,24,380,0,0,180,1,110,206003,2030,100,50,100,0,4063,"Stage_WF_dusk",20,1,1,1,1,2,1,1,1,1,1,1,3,1,1,10,15,20,
4064,6024,"ggo_at_dusk_018","ggo_at_dusk_018_mapData","ggo_at_dusk_018_unitData","ggo_at_dusk","BGM_F_RUIN_EVENING_BASIC","BGM_F_RUIN_BOSS",False,10008,10031,0,20000,20001,26,340,0,0,200,1,120,206004,2030,100,50,100,0,4064,"Stage_GGO_dusk",20,1,1,1,1,2,1,1,1,1,1,1,3,1,1,10,15,20,
4071,6025,"sao_wf_night_017","sao_wf_night_017_mapData","sao_wf_night_017_unitData","sao_dk_night","BGM_F_DANAK_NIGHT_BASIC","BGM_F_DANAK_BOSS",False,10023,0,0,20000,20001,20,340,0,0,170,1,110,207001,2030,100,50,100,0,4071,"Stage_DNK_night",20,1,1,1,1,2,1,1,1,1,1,1,3,1,1,10,15,20,
4072,6026,"ggo_at_night_013","ggo_at_night_013_mapData","ggo_at_night_013_unitData","ggo_at_night","BGM_F_RUIN_NIGHT_BASIC","BGM_F_RUIN_BOSS",False,10008,10023,10031,20000,20001,22,340,0,0,170,1,110,207002,2030,100,50,100,0,4072,"Stage_GGO_night",20,1,1,1,1,2,1,1,1,1,1,1,3,1,1,10,15,20,
4073,6027,"sao_fm_74_021","sao_fm_74_021_mapData","sao_fm_74_021_unitData","sao_fm_47","BGM_F_LABYRINTH_BASIC","BGM_F_LABYRINTH_BOSS",False,10005,10024,0,20000,20001,24,380,0,0,190,1,110,207003,2030,100,50,100,0,4073,"Stage_FM",20,1,1,1,1,2,1,1,1,1,1,1,3,1,1,10,15,20,
4074,6028,"sao_wm_night_003","sao_wm_night_003_mapData","sao_wm_night_003_unitData","sao_lw_night","BGM_F_WEST_MOUNTAIN_BASIC","BGM_F_WEST_MOUNTAIN_BOSS",False,10013,10029,0,20000,20001,26,360,0,0,180,1,120,207004,2030,100,50,100,0,4074,"Stage_WM_night",20,1,1,1,1,2,1,1,1,1,1,1,3,1,1,10,15,20,
4081,6029,"ggo_at_dusk_015_re","ggo_at_dusk_015_mapData","ggo_at_dusk_015_unitData","ggo_at_dusk","BGM_F_RUIN_EVENING_BASIC","BGM_F_RUIN_BOSS",False,10008,10031,0,20000,20001,24,380,0,0,190,1,110,208001,2030,100,50,100,0,4081,"Stage_GGO_dusk",20,1,1,1,1,2,1,1,1,1,1,1,3,1,1,10,15,20,
4082,6030,"ggo_at_dusk_019","ggo_at_dusk_019_mapData","ggo_at_dusk_019_unitData","ggo_at_dusk","BGM_F_RUIN_EVENING_BASIC","BGM_F_RUIN_BOSS",False,10008,10031,0,20000,20001,22,380,0,0,190,1,105,208002,2030,100,50,100,0,4082,"Stage_GGO_dusk",20,1,1,1,1,2,1,1,1,1,1,1,3,1,1,10,15,20,
4083,6031,"alo_ti_day_013","alo_ti_day_013_mapData","alo_ti_day_013_unitData","alo_ti_day","BGM_F_COAST_BASIC","BGM_F_WEST_BOSS",False,20004,10025,0,20000,20001,24,380,0,0,190,1,110,208003,2030,100,50,100,0,4083,"Stage_TI_day",20,1,1,1,1,2,1,1,1,1,1,1,3,1,1,10,15,20,
4084,6032,"alo_ti_day_014","alo_ti_day_014_mapData","alo_ti_day_014_unitData","alo_ti_day","BGM_F_COAST_BASIC","BGM_F_WEST_BOSS",False,20004,10025,0,20000,20001,26,360,0,0,180,1,120,208004,2030,100,50,100,0,4084,"Stage_TI_day",20,1,1,1,1,2,1,1,1,1,1,1,3,1,1,10,15,20,
4091,6033,"sao_wf_night_015_re","sao_wf_night_015_mapData","sao_wf_night_015_unitData","sao_wf_night","BGM_F_WEST_NIGHT_BASIC","BGM_F_WEST_BOSS",False,10004,10023,0,20000,20001,24,380,0,0,190,1,110,209001,2030,100,50,100,0,4091,"Stage_WF_night",20,1,1,1,1,2,1,1,1,1,1,1,3,1,1,10,15,20,
4092,6034,"sao_ff_day_009","sao_ff_day_009_mapData","sao_ff_day_009_unitData","sao_ff_day","BGM_F_FLORIA_DAYTIME_BASIC","BGM_F_FLORIA_BOSS",False,10010,10021,0,20000,20001,22,360,0,0,180,1,105,209002,2030,100,50,100,0,4092,"Stage_FLO_day",20,1,1,1,1,2,1,1,1,1,1,1,3,1,1,10,15,20,
4093,6035,"ggo_gt_day_007","ggo_gt_day_007_mapData","ggo_gt_day_007_unitData","ggo_gt_day","BGM_F_GLOCKEN_DAYTIME_BASIC","BGM_F_GLOCKEN_BOSS",False,10017,0,0,20000,20001,24,380,0,0,190,1,110,209003,2030,100,50,100,0,4093,"Stage_GLO_day",20,1,1,1,1,2,1,1,1,1,1,1,3,1,1,10,15,20,
4094,6036,"sao_ff_dusk_007","sao_ff_dusk_007_mapData","sao_ff_dusk_007_unitData","sao_ff_dusk","BGM_F_FLORIA_EVENING_BASIC","BGM_F_FLORIA_BOSS",False,10010,10022,0,20000,20001,26,340,0,0,170,1,120,209004,2030,100,50,100,0,4094,"Stage_FLO_dusk",20,1,1,1,1,2,1,1,1,1,1,1,3,1,1,10,15,20,
4101,6037,"alo_ti_day_011_re","alo_ti_day_011_mapData","alo_ti_day_011_unitData","alo_ti_day","BGM_F_COAST_BASIC","BGM_F_WEST_BOSS",False,20004,10025,0,20000,20001,24,380,0,0,190,1,110,210001,2030,100,50,100,0,4101,"Stage_TI_day",20,1,1,1,1,2,1,1,1,1,1,1,3,1,1,10,15,20,
4102,6038,"sao_lw_night_003","sao_lw_night_003_mapData","sao_lw_night_003_unitData","sao_lw_night","BGM_F_LOST_FOREST_BASIC","BGM_F_LOST_FOREST_BOSS",False,10014,10029,0,20000,20001,22,360,0,0,180,1,105,210002,2030,100,50,100,0,4102,"Stage_LW_night",20,1,1,1,1,2,1,1,1,1,1,1,3,1,1,10,15,20,
4103,6039,"sao_wm_day_005","sao_wm_day_005_mapData","sao_wm_day_005_unitData","sao_wm_day","BGM_F_WEST_MOUNTAIN_BASIC","BGM_F_WEST_MOUNTAIN_BOSS",False,10013,10029,0,20000,20001,24,380,0,0,190,1,110,210003,2030,100,50,100,0,4103,"Stage_WM_day",20,1,1,1,1,2,1,1,1,1,1,1,3,1,1,10,15,20,
4104,6040,"alo_ip_basic_018","alo_ip_basic_018_mapData","alo_ip_basic_018_unitData","alo_id_srymheimr","BGM_F_SRYMHEIMR_BASIC","BGM_F_SRYMHEIMR_BOSS",False,10007,10024,10029,20000,20001,26,340,0,0,170,1,120,210004,2030,100,50,100,0,4104,"Stage_SF",20,1,1,1,1,2,1,1,1,1,1,1,3,1,1,10,15,20,
4111,6041,"sao_wf_day_028_re","sao_wf_day_028_mapData","sao_wf_day_028_unitData","sao_wf_day","BGM_F_WEST_DAYTIME_BASIC","BGM_F_WEST_BOSS",False,10004,10021,0,20000,20001,24,380,0,0,190,1,110,211001,2030,100,50,100,0,4111,"Stage_WF_day",20,1,1,1,1,2,1,1,1,1,1,1,3,1,1,10,15,20,
4112,6042,"alo_ti_day_015","alo_ti_day_015_mapData","alo_ti_day_015_unitData","alo_ti_day","BGM_F_COAST_BASIC","BGM_F_WEST_BOSS",False,20004,10025,0,20000,20001,22,380,0,0,190,1,110,211002,2030,100,50,100,0,4112,"Stage_TI_day",20,1,1,1,1,2,1,1,1,1,1,1,3,1,1,10,15,20,
4113,6043,"sao_ff_day_010","sao_ff_day_010_mapData","sao_ff_day_010_unitData","sao_ff_day","BGM_F_FLORIA_DAYTIME_BASIC","BGM_F_FLORIA_BOSS",False,10010,10021,0,20000,20001,24,380,0,0,190,1,110,211003,2030,100,50,100,0,4113,"Stage_FLO_day",20,1,1,1,1,2,1,1,1,1,1,1,3,1,1,10,15,20,
4114,6044,"alo_st_day_018","alo_st_day_018_mapData","alo_st_day_018_unitData","alo_st_day","BGM_F_WORLDTREE_DAYTIME_BASIC","BGM_F_WORLDTREE_BOSS",False,10006,10021,10026,20000,20001,26,380,0,0,190,1,120,211004,2030,100,50,100,0,4114,"Stage_ST_day",20,1,1,1,1,2,1,1,1,1,1,1,3,1,1,10,15,20,
4901,6045,"alo_st_day_014_ex","alo_st_day_014_mapData","alo_st_day_014_unitData","alo_st_day","BGM_F_WORLDTREE_DAYTIME_BASIC","BGM_F_WORLDTREE_BOSS",False,10006,10021,10026,20000,20001,130,340,0,0,170,1,110,201001,2030,100,50,100,0,4011,"Stage_ST_day",20,1,1,1,1,2,1,1,1,1,1,1,3,1,1,10,15,20,
4902,6046,"sao_ff_day_003_ex","sao_ff_day_003_mapData","sao_ff_day_003_unitData","sao_ff_day","BGM_F_FLORIA_DAYTIME_BASIC","BGM_F_FLORIA_BOSS",False,10010,10021,0,20000,20001,130,360,0,0,180,1,110,201002,2030,100,50,100,0,4012,"Stage_FLO_day",20,1,1,1,1,2,1,1,1,1,1,1,3,1,1,10,15,20,
4903,6047,"ggo_at_dusk_015_ex","ggo_at_dusk_015_mapData","ggo_at_dusk_015_unitData","ggo_at_dusk","BGM_F_RUIN_EVENING_BASIC","BGM_F_RUIN_BOSS",False,10008,10031,0,20000,20001,130,380,0,0,190,1,110,201003,2030,100,50,100,0,4013,"Stage_GGO_dusk",20,1,1,1,1,2,1,1,1,1,1,1,3,1,1,10,15,20,
4904,6048,"sao_wm_night_002_ex","sao_wm_night_002_mapData","sao_wm_night_002_unitData","sao_wm_night","BGM_F_WEST_MOUNTAIN_BASIC","BGM_F_WEST_MOUNTAIN_BOSS",False,10013,10029,0,20000,20001,130,400,0,0,200,1,120,201004,2030,100,50,100,0,4014,"Stage_WM_night",20,1,1,1,1,2,1,1,1,1,1,1,3,1,1,10,15,20,
4905,6049,"sao_fm_74_018_ex","sao_fm_74_018_mapData","sao_fm_74_018_unitData","sao_fm_47","BGM_F_LABYRINTH_BASIC","BGM_F_LABYRINTH_BOSS",False,10005,10024,0,20000,20001,130,340,0,0,170,1,110,202001,2030,100,50,100,0,4021,"Stage_FM",20,1,1,1,1,2,1,1,1,1,1,1,3,1,1,10,15,20,
4906,6050,"alo_ip_basic_016_ex","alo_ip_basic_016_mapData","alo_ip_basic_016_unitData","alo_id_srymheimr","BGM_F_SRYMHEIMR_BASIC","BGM_F_SRYMHEIMR_BOSS",False,10007,10024,10029,20000,20001,130,380,0,0,190,1,110,202002,2030,100,50,100,0,4022,"Stage_SF",20,1,1,1,1,2,1,1,1,1,1,1,3,1,1,10,15,20,
4907,6051,"sao_wf_night_015_ex","sao_wf_night_015_mapData","sao_wf_night_015_unitData","sao_wf_night","BGM_F_WEST_NIGHT_BASIC","BGM_F_WEST_BOSS",False,10004,10023,0,20000,20001,130,380,0,0,190,1,110,202003,2030,100,50,100,0,4023,"Stage_WF_night",20,1,1,1,1,2,1,1,1,1,1,1,3,1,1,10,15,20,
4908,6052,"ggo_gt_day_006_ex","ggo_gt_day_006_mapData","ggo_gt_day_006_unitData","ggo_gt_day","BGM_F_GLOCKEN_DAYTIME_BASIC","BGM_F_GLOCKEN_BOSS",False,10017,0,0,20000,20001,130,400,0,0,200,1,120,202004,2030,100,50,100,0,4024,"Stage_GLO_day",20,1,1,1,1,2,1,1,1,1,1,1,3,1,1,10,15,20,
4909,6053,"alo_ti_day_009_ex","alo_ti_day_009_mapData","alo_ti_day_009_unitData","alo_ti_day","BGM_F_COAST_BASIC","BGM_F_WEST_BOSS",False,20004,10025,0,20000,20001,130,360,0,0,180,1,110,203001,2030,100,50,100,0,4031,"Stage_TI_day",20,1,1,1,1,2,1,1,1,1,1,1,3,1,1,10,15,20,
4910,6054,"alo_ti_day_010_ex","alo_ti_day_010_mapData","alo_ti_day_010_unitData","alo_ti_day","BGM_F_COAST_BASIC","BGM_F_WEST_BOSS",False,20004,10025,0,20000,20001,130,360,0,0,180,1,110,203002,2030,100,50,100,0,4032,"Stage_TI_day",20,1,1,1,1,2,1,1,1,1,1,1,3,1,1,10,15,20,
4911,6055,"alo_ti_day_011_ex","alo_ti_day_011_mapData","alo_ti_day_011_unitData","alo_ti_day","BGM_F_COAST_BASIC","BGM_F_WEST_BOSS",False,20004,10025,0,20000,20001,130,380,0,0,190,1,110,203003,2030,100,50,100,0,4033,"Stage_TI_day",20,1,1,1,1,2,1,1,1,1,1,1,3,1,1,10,15,20,
4912,6056,"alo_ti_day_012_ex","alo_ti_day_012_mapData","alo_ti_day_012_unitData","alo_ti_day","BGM_F_COAST_BASIC","BGM_F_WEST_BOSS",False,20004,10025,0,20000,20001,130,400,0,0,200,1,120,203004,2030,100,50,100,0,4034,"Stage_TI_day",20,1,1,1,1,2,1,1,1,1,1,1,3,1,1,10,15,20,
4913,6057,"sao_wf_night_016_ex","sao_wf_night_016_mapData","sao_wf_night_016_unitData","sao_wf_night","BGM_F_WEST_NIGHT_BASIC","BGM_F_WEST_BOSS",False,10004,10023,0,20000,20001,130,360,0,0,180,1,110,204001,2030,100,50,100,0,4041,"Stage_WF_night",20,1,1,1,1,2,1,1,1,1,1,1,3,1,1,10,15,20,
4914,6058,"sao_ff_day_007_ex","sao_ff_day_007_mapData","sao_ff_day_007_unitData","sao_ff_day","BGM_F_FLORIA_DAYTIME_BASIC","BGM_F_FLORIA_BOSS",False,10010,10021,0,20000,20001,130,360,0,0,180,1,110,204002,2030,100,50,100,0,4042,"Stage_FLO_day",20,1,1,1,1,2,1,1,1,1,1,1,3,1,1,10,15,20,
4915,6059,"sao_wf_day_028_ex","sao_wf_day_028_mapData","sao_wf_day_028_unitData","sao_wf_day","BGM_F_WEST_DAYTIME_BASIC","BGM_F_WEST_BOSS",False,10004,10021,0,20000,20001,130,380,0,0,190,1,110,204003,2030,100,50,100,0,4043,"Stage_WF_day",20,1,1,1,1,2,1,1,1,1,1,1,3,1,1,10,15,20,
4916,6060,"alo_st_day_016_ex","alo_st_day_016_mapData","alo_st_day_016_unitData","alo_st_day","BGM_F_WORLDTREE_DAYTIME_BASIC","BGM_F_WORLDTREE_BOSS",False,10006,10021,10026,20000,20001,130,400,0,0,200,1,120,204004,2030,100,50,100,0,4044,"Stage_ST_day",20,1,1,1,1,2,1,1,1,1,1,1,3,1,1,10,15,20,
4917,6061,"sao_fm_74_019_ex","sao_fm_74_019_mapData","sao_fm_74_019_unitData","sao_fm_47","BGM_F_LABYRINTH_BASIC","BGM_F_LABYRINTH_BOSS",False,10005,10024,0,20000,20001,130,300,0,0,170,1,110,205001,2030,100,50,100,0,4051,"Stage_FM",20,1,1,1,1,2,1,1,1,1,1,1,3,1,1,10,15,20,
4918,6062,"alo_st_night_013_ex","alo_st_night_013_mapData","alo_st_night_013_unitData","alo_st_night","BGM_F_WORLDTREE_NIGHT_BASIC","BGM_F_WORLDTREE_BOSS",False,10006,10023,10026,20000,20001,130,320,0,0,170,1,110,205002,2030,100,50,100,0,4052,"Stage_ST_night",20,1,1,1,1,2,1,1,1,1,1,1,3,1,1,10,15,20,
4919,6063,"sao_ff_day_008_ex","sao_ff_day_008_mapData","sao_ff_day_008_unitData","sao_ff_day","BGM_F_FLORIA_DAYTIME_BASIC","BGM_F_FLORIA_BOSS",False,10010,10021,0,20000,20001,130,330,0,0,180,1,110,205003,2030,100,50,100,0,4053,"Stage_FLO_day",20,1,1,1,1,2,1,1,1,1,1,1,3,1,1,10,15,20,
4920,6064,"sao_lw_night_002_ex","sao_lw_night_002_mapData","sao_lw_night_002_unitData","sao_lw_night","BGM_F_LOST_FOREST_BASIC","BGM_F_LOST_FOREST_BOSS",False,10014,10029,0,20000,20001,130,340,0,0,200,1,110,205004,2030,100,50,100,0,4054,"Stage_LW_night",20,1,1,1,1,2,1,1,1,1,1,1,3,1,1,10,15,20,
4921,6065,"alo_ip_basic_017_ex","alo_ip_basic_017_mapData","alo_ip_basic_017_unitData","alo_id_srymheimr","BGM_F_SRYMHEIMR_BASIC","BGM_F_SRYMHEIMR_BOSS",False,10007,10024,10029,20000,20001,130,300,0,0,170,1,110,206001,2030,100,50,100,0,4061,"Stage_SF",20,1,1,1,1,2,1,1,1,1,1,1,3,1,1,10,15,20,
4922,6066,"ggo_gt_night_006_ex","ggo_gt_night_006_mapData","ggo_gt_night_006_unitData","ggo_gt_night","BGM_F_GLOCKEN_NIGHT_BASIC","BGM_F_GLOCKEN_BOSS",False,10017,0,0,20000,20001,130,320,0,0,170,1,110,206002,2030,100,50,100,0,4062,"Stage_GLO_dusk",20,1,1,1,1,2,1,1,1,1,1,1,3,1,1,10,15,20,
4923,6067,"sao_wf_dusk_019_ex","sao_wf_dusk_019_mapData","sao_wf_dusk_019_unitData","sao_wf_dusk","BGM_F_WEST_EVENING_BASIC","BGM_F_WEST_BOSS",False,10004,10022,10025,20000,20001,130,380,0,0,180,1,110,206003,2030,100,50,100,0,4063,"Stage_WF_dusk",20,1,1,1,1,2,1,1,1,1,1,1,3,1,1,10,15,20,
4924,6068,"ggo_at_dusk_018_ex","ggo_at_dusk_018_mapData","ggo_at_dusk_018_unitData","ggo_at_dusk","BGM_F_RUIN_EVENING_BASIC","BGM_F_RUIN_BOSS",False,10008,10031,0,20000,20001,130,340,0,0,200,1,120,206004,2030,100,50,100,0,4064,"Stage_GGO_dusk",20,1,1,1,1,2,1,1,1,1,1,1,3,1,1,10,15,20,
4925,6069,"sao_wf_night_017_ex","sao_wf_night_017_mapData","sao_wf_night_017_unitData","sao_dk_night","BGM_F_DANAK_NIGHT_BASIC","BGM_F_DANAK_BOSS",False,10023,0,0,20000,20001,130,340,0,0,170,1,110,207001,2030,100,50,100,0,4071,"Stage_DNK_night",20,1,1,1,1,2,1,1,1,1,1,1,3,1,1,10,15,20,
4926,6070,"ggo_at_night_013_ex","ggo_at_night_013_mapData","ggo_at_night_013_unitData","ggo_at_night","BGM_F_RUIN_NIGHT_BASIC","BGM_F_RUIN_BOSS",False,10008,10023,10031,20000,20001,130,340,0,0,170,1,110,207002,2030,100,50,100,0,4072,"Stage_GGO_night",20,1,1,1,1,2,1,1,1,1,1,1,3,1,1,10,15,20,
4927,6071,"sao_fm_74_021_ex","sao_fm_74_021_mapData","sao_fm_74_021_unitData","sao_fm_47","BGM_F_LABYRINTH_BASIC","BGM_F_LABYRINTH_BOSS",False,10005,10024,0,20000,20001,130,380,0,0,190,1,110,207003,2030,100,50,100,0,4073,"Stage_FM",20,1,1,1,1,2,1,1,1,1,1,1,3,1,1,10,15,20,
4928,6072,"sao_wm_night_003_ex","sao_wm_night_003_mapData","sao_wm_night_003_unitData","sao_lw_night","BGM_F_WEST_MOUNTAIN_BASIC","BGM_F_WEST_MOUNTAIN_BOSS",False,10013,10029,0,20000,20001,130,360,0,0,180,1,120,207004,2030,100,50,100,0,4074,"Stage_WM_night",20,1,1,1,1,2,1,1,1,1,1,1,3,1,1,10,15,20,
4929,6073,"ggo_at_dusk_015_re_ex","ggo_at_dusk_015_mapData","ggo_at_dusk_015_unitData","ggo_at_dusk","BGM_F_RUIN_EVENING_BASIC","BGM_F_RUIN_BOSS",False,10008,10031,0,20000,20001,130,380,0,0,190,1,110,208001,2030,100,50,100,0,4081,"Stage_GGO_dusk",20,1,1,1,1,2,1,1,1,1,1,1,3,1,1,10,15,20,
4930,6074,"ggo_at_dusk_019_ex","ggo_at_dusk_019_mapData","ggo_at_dusk_019_unitData","ggo_at_dusk","BGM_F_RUIN_EVENING_BASIC","BGM_F_RUIN_BOSS",False,10008,10031,0,20000,20001,130,380,0,0,190,1,105,208002,2030,100,50,100,0,4082,"Stage_GGO_dusk",20,1,1,1,1,2,1,1,1,1,1,1,3,1,1,10,15,20,
4931,6075,"alo_ti_day_013_ex","alo_ti_day_013_mapData","alo_ti_day_013_unitData","alo_ti_day","BGM_F_COAST_BASIC","BGM_F_WEST_BOSS",False,20004,10025,0,20000,20001,130,380,0,0,190,1,110,208003,2030,100,50,100,0,4083,"Stage_TI_day",20,1,1,1,1,2,1,1,1,1,1,1,3,1,1,10,15,20,
4932,6076,"alo_ti_day_014_ex","alo_ti_day_014_mapData","alo_ti_day_014_unitData","alo_ti_day","BGM_F_COAST_BASIC","BGM_F_WEST_BOSS",False,20004,10025,0,20000,20001,130,360,0,0,180,1,120,208004,2030,100,50,100,0,4084,"Stage_TI_day",20,1,1,1,1,2,1,1,1,1,1,1,3,1,1,10,15,20,
4933,6077,"sao_wf_night_015_re_ex","sao_wf_night_015_mapData","sao_wf_night_015_unitData","sao_wf_night","BGM_F_WEST_NIGHT_BASIC","BGM_F_WEST_BOSS",False,10004,10023,0,20000,20001,130,380,0,0,190,1,110,209001,2030,100,50,100,0,4091,"Stage_WF_night",20,1,1,1,1,2,1,1,1,1,1,1,3,1,1,10,15,20,
4934,6078,"sao_ff_day_009_ex","sao_ff_day_009_mapData","sao_ff_day_009_unitData","sao_ff_day","BGM_F_FLORIA_DAYTIME_BASIC","BGM_F_FLORIA_BOSS",False,10010,10021,0,20000,20001,130,360,0,0,180,1,105,209002,2030,100,50,100,0,4092,"Stage_FLO_day",20,1,1,1,1,2,1,1,1,1,1,1,3,1,1,10,15,20,
4935,6079,"ggo_gt_day_007_ex","ggo_gt_day_007_mapData","ggo_gt_day_007_unitData","ggo_gt_day","BGM_F_GLOCKEN_DAYTIME_BASIC","BGM_F_GLOCKEN_BOSS",False,10017,0,0,20000,20001,130,380,0,0,190,1,110,209003,2030,100,50,100,0,4093,"Stage_GLO_day",20,1,1,1,1,2,1,1,1,1,1,1,3,1,1,10,15,20,
4936,6080,"sao_ff_dusk_007_ex","sao_ff_dusk_007_mapData","sao_ff_dusk_007_unitData","sao_ff_dusk","BGM_F_FLORIA_EVENING_BASIC","BGM_F_FLORIA_BOSS",False,10010,10022,0,20000,20001,130,340,0,0,170,1,120,209004,2030,100,50,100,0,4094,"Stage_FLO_dusk",20,1,1,1,1,2,1,1,1,1,1,1,3,1,1,10,15,20,
4937,6081,"alo_ti_day_011_re_ex","alo_ti_day_011_mapData","alo_ti_day_011_unitData","alo_ti_day","BGM_F_COAST_BASIC","BGM_F_WEST_BOSS",False,20004,10025,0,20000,20001,130,380,0,0,190,1,110,210001,2030,100,50,100,0,4101,"Stage_TI_day",20,1,1,1,1,2,1,1,1,1,1,1,3,1,1,10,15,20,
4938,6082,"sao_lw_night_003_ex","sao_lw_night_003_mapData","sao_lw_night_003_unitData","sao_lw_night","BGM_F_LOST_FOREST_BASIC","BGM_F_LOST_FOREST_BOSS",False,10014,10029,0,20000,20001,130,360,0,0,180,1,105,210002,2030,100,50,100,0,4102,"Stage_LW_night",20,1,1,1,1,2,1,1,1,1,1,1,3,1,1,10,15,20,
4939,6083,"sao_wm_day_005_ex","sao_wm_day_005_mapData","sao_wm_day_005_unitData","sao_wm_day","BGM_F_WEST_MOUNTAIN_BASIC","BGM_F_WEST_MOUNTAIN_BOSS",False,10013,10029,0,20000,20001,130,380,0,0,190,1,110,210003,2030,100,50,100,0,4103,"Stage_WM_day",20,1,1,1,1,2,1,1,1,1,1,1,3,1,1,10,15,20,
4940,6084,"alo_ip_basic_018_ex","alo_ip_basic_018_mapData","alo_ip_basic_018_unitData","alo_id_srymheimr","BGM_F_SRYMHEIMR_BASIC","BGM_F_SRYMHEIMR_BOSS",False,10007,10024,10029,20000,20001,130,340,0,0,170,1,120,210004,2030,100,50,100,0,4104,"Stage_SF",20,1,1,1,1,2,1,1,1,1,1,1,3,1,1,10,15,20,
4941,6085,"sao_wf_day_028_re_ex","sao_wf_day_028_mapData","sao_wf_day_028_unitData","sao_wf_day","BGM_F_WEST_DAYTIME_BASIC","BGM_F_WEST_BOSS",False,10004,10021,0,20000,20001,130,380,0,0,190,1,110,211001,2030,100,50,100,0,4111,"Stage_WF_day",20,1,1,1,1,2,1,1,1,1,1,1,3,1,1,10,15,20,
4942,6086,"alo_ti_day_015_ex","alo_ti_day_015_mapData","alo_ti_day_015_unitData","alo_ti_day","BGM_F_COAST_BASIC","BGM_F_WEST_BOSS",False,20004,10025,0,20000,20001,130,380,0,0,190,1,110,211002,2030,100,50,100,0,4112,"Stage_TI_day",20,1,1,1,1,2,1,1,1,1,1,1,3,1,1,10,15,20,
4943,6087,"sao_ff_day_010_ex","sao_ff_day_010_mapData","sao_ff_day_010_unitData","sao_ff_day","BGM_F_FLORIA_DAYTIME_BASIC","BGM_F_FLORIA_BOSS",False,10010,10021,0,20000,20001,130,380,0,0,190,1,110,211003,2030,100,50,100,0,4113,"Stage_FLO_day",20,1,1,1,1,2,1,1,1,1,1,1,3,1,1,10,15,20,
4944,6088,"alo_st_day_018_ex","alo_st_day_018_mapData","alo_st_day_018_unitData","alo_st_day","BGM_F_WORLDTREE_DAYTIME_BASIC","BGM_F_WORLDTREE_BOSS",False,10006,10021,10026,20000,20001,130,380,0,0,190,1,120,211004,2030,100,50,100,0,4114,"Stage_ST_day",20,1,1,1,1,2,1,1,1,1,1,1,3,1,1,10,15,20,
4945,6089,"sao_wm_dawn_002","sao_wm_dawn_002_mapData","sao_wm_dawn_002_unitData","sao_wm_dawn","BGM_F_WEST_MOUNTAIN_BASIC","BGM_F_PUNISHER_BOSS",False,10013,10029,0,0,0,130,400,0,0,200,1,120,290045,2030,100,50,100,0,4945,"Stage_WM_dawn",20,1,1,1,1,2,1,1,1,1,1,1,3,1,1,10,15,20,
29003,4903,"VS_sao_wf_day_003","VS_sao_wf_day_003_mapData","VS_sao_wf_day_003_unitData","sao_wf_day","BGM_F_WEST_DAYTIME_BASIC","BGM_F_WEST_BOSS",False,20023,0,0,0,0,10,400,0,0,400,1,99,301700,1,100,50,180,0,1,"Stage_WF_day",0,1,1,1,1,2,1,1,1,1,1,1,3,1,1,10,15,20,
29004,4904,"VS_alo_ip_basic_002","VS_alo_ip_basic_002_mapData","VS_alo_ip_basic_002_unitData","alo_id_srymheimr","BGM_F_SRYMHEIMR_BASIC","BGM_F_SRYMHEIMR_BOSS",False,20023,0,0,0,0,10,400,0,0,400,1,99,301700,1,100,50,180,0,1,"Stage_SF",0,1,1,1,1,2,1,1,1,1,1,1,3,1,1,10,15,20,
29005,4905,"VS_ggo_at_dusk_001","VS_ggo_at_dusk_001_mapData","VS_ggo_at_dusk_001_unitData","ggo_at_dusk","BGM_F_RUIN_EVENING_BASIC","BGM_F_RUIN_BOSS",False,20023,0,0,0,0,10,400,0,0,400,1,99,301700,1,100,50,180,0,1,"Stage_GGO_dusk",0,1,1,1,1,2,1,1,1,1,1,1,3,1,1,10,15,20,
29006,4906,"VS_alo_ti_day_001","VS_alo_ti_day_001_mapData","VS_alo_ti_day_001_unitData","alo_ti_day","BGM_F_COAST_BASIC","BGM_F_WEST_BOSS",False,20023,0,0,0,0,10,400,0,0,400,1,99,301700,1,100,50,180,0,1,"Stage_TI_day",0,1,1,1,1,2,1,1,1,1,1,1,3,1,1,10,15,20,
29007,4907,"VS_sao_ff_day_001","VS_sao_ff_day_001_mapData","VS_sao_ff_day_001_unitData","sao_ff_day","BGM_F_FLORIA_DAYTIME_BASIC","BGM_F_FLORIA_BOSS",False,20023,0,0,0,0,10,400,0,0,400,1,99,301700,1,100,50,180,0,1,"Stage_FLO_day",0,1,1,1,1,2,1,1,1,1,1,1,3,1,1,10,15,20,
29008,4908,"VS_sao_wm_day_001","VS_sao_wm_day_001_mapData","VS_sao_wm_day_001_unitData","sao_wm_day","BGM_F_WEST_MOUNTAIN_BASIC","BGM_F_WEST_MOUNTAIN_BOSS",False,20023,0,0,0,0,10,400,0,0,400,1,99,301700,1,100,50,180,0,1,"Stage_WM_day",0,1,1,1,1,2,1,1,1,1,1,1,3,1,1,10,15,20,
30001,5001,"vs_test","vs_test_mapData","vs_test_unitData","sao_wf_day","BGM_F_WEST_DAYTIME_BASIC","BGM_F_WEST_BOSS",False,20023,0,0,0,0,2,999,0,0,999,1,99,300000,1,100,50,180,0,1,"Stage_WF_day",0,1,1,1,1,2,1,1,1,1,1,1,3,1,1,10,15,20,
30002,5002,"vs_test2","vs_test2_mapData","vs_test2_unitData","alo_id_srymheimr","BGM_F_SRYMHEIMR_BASIC","BGM_F_SRYMHEIMR_BOSS",False,20023,0,0,0,0,2,999,0,0,999,1,99,300000,1,100,50,180,0,1,"Stage_WF_day",0,1,1,1,1,2,1,1,1,1,1,1,3,1,1,10,15,20,
