index,mcode,name,artist,category,easy,standard,hard,master,unlimited,
100000,tutori2,Tutorial,Tutorial,Unknown,Easy N/A,Standard N/A,Hard N/A,Master N/A,Unlimited N/A,
100000,tutori3,Tutorial,Tutorial,Unknown,Easy N/A,Standard N/A,Hard N/A,Master N/A,Unlimited N/A,
100000,tutori4,Tutorial,Tutorial,Pick-Up J-Pop (New),Easy N/A,Standard N/A,Hard N/A,Master N/A,Unlimited N/A,
100000,tutori6,Tutorial,Tutorial,Pick-Up J-Pop (New),Easy N/A,Standard N/A,Hard N/A,Master N/A,Unlimited N/A,
100000,tutori8,白鳥の湖 (Short Remix),,Original,Easy N/A,Standard 3,Hard 15,Master 35,Unlimited N/A,
100300,sateli,Satellite System ft.Diana Chiaki,GRATEC MOUR,Original,Easy 17,Standard 28,Hard 49,Master 77,Unlimited 82,
100301,nature,Human Nature,Z pinkpong,Original,Easy 5,Standard 14,Hard 24,Master 53,Unlimited 75,
100307,purple,DEEP PURPLE,NAOKI,Original,Easy 14,Standard 22,Hard 54,Master 64,Unlimited 73,
100308,hearts,Heartstrings,Nhato,Original,Easy 8,Standard 18,Hard 38,Master 68,Unlimited 77,
100310,phasea,Phase Angel,OCOT,Original,Easy 9,Standard 16,Hard 38,Master 65,Unlimited 75,
100311,planet,Planet Calling,Nyolfen,Original,Easy 10,Standard 17,Hard 36,Master 49,Unlimited 71,
100314,firefo,Firefox,Go-qualia,Original,Easy 7,Standard 13,Hard 36,Master 57,Unlimited 83,
100315,kounen,光年（konen）,小野秀幸,Original,Easy 10,Standard 21,Hard 40,Master 66,Unlimited 78,
100316,essenc,Another Essence,RAM,Original,Easy 11,Standard 25,Hard 50,Master 70,Unlimited 76,
100317,summer,Summer End Anthem,Personative,Original,Easy 13,Standard 23,Hard 57,Master 79,Unlimited 89,
100319,tanosi,たのしいことだけ,Yamajet,Original,Easy 16,Standard 25,Hard 45,Master 70,Unlimited 80,
100320,picora,ピコラセテ,TORIENA,Original,Easy 8,Standard 15,Hard 38,Master 66,Unlimited 75,
100323,devils,Devil's Classic,Tatsh,Original,Easy 15,Standard 27,Hard 40,Master 80,Unlimited N/A,
100328,techno,Techno Highway,SIMON,Original,Easy 9,Standard 16,Hard 38,Master 51,Unlimited 74,
100335,glowww,GLOW,Shoichiro Hirata feat. Ellie,Original,Easy 8,Standard 17,Hard 28,Master 42,Unlimited 60,
100336,powerr,Power,Dubscribe,Original,Easy 12,Standard 19,Hard 38,Master 69,Unlimited 79,
100340,amater,Amateras,Sakuzyo,Original,Easy 13,Standard 21,Hard 48,Master 65,Unlimited 79,
100349,advers,Adverse Effect,Rin,Original,Easy 9,Standard 15,Hard 48,Master 71,Unlimited 83,
100353,venera,Venerated,Tosh,Original,Easy 8,Standard 15,Hard 43,Master 68,Unlimited 75,
100357,dazaii,堕罪,HAKKYOU-KUN feat.せつな,Original,Easy 12,Standard 21,Hard 43,Master 73,Unlimited 77,
100365,thesig,The Signs Of The Last Day,SLAKE,Original,Easy 10,Standard 21,Hard 38,Master 56,Unlimited 73,
100344,hosita,星達のメロディ,ゆいこんぬ,Original,Easy 10,Standard 16,Hard 36,Master 48,Unlimited 65,
100372,bluede,Blue Destiny Blue,NAOKI feat. Florence McNair,Original,Easy 12,Standard 22,Hard 41,Master 58,Unlimited 70,
100373,emerao,EMERALD♡KISS ～Original Side～,jun with Aimee,Original,Easy 19,Standard 30,Hard 53,Master 85,Unlimited N/A,
100129,megaro,MEGALOMAN[i]A,TITANZ,Original,Easy 0,Standard 55,Hard 80,Master 93,Unlimited 98,
100330,angeli,angelik-vice,void,Original,Easy 22,Standard 33,Hard 56,Master 82,Unlimited 90,
100342,moonli,月鳴 -moonlit urge-,AZURE FACTORY,Original,Easy 8,Standard 14,Hard 43,Master 61,Unlimited 73,
100369,yumemi,ユメミル船,yozuca*,Original,Easy 6,Standard 12,Hard 35,Master 59,Unlimited 69,
100348,pinkym,Pinky Magic,Junk,Original,Easy 16,Standard 24,Hard 44,Master 74,Unlimited 81,
100370,dynami2,DYNAMITE SENSATION REV.,NAOKI feat. Hyphen,Original,Easy 8,Standard 18,Hard 51,Master 78,Unlimited 80,
100306,reseed3,Reseed (Another Edit),quick master,Original,Easy 10,Standard 20,Hard 55,Master 76,Unlimited 80,
100002,toucho,Touch Of Gold,Togo Project feat. Frances Maya,Original,Easy 5,Standard 9,Hard 28,Master 44,Unlimited 65,
100003,ameoto,雨の音が虹を呼ぶ,Barbarian On The Groove feat.霜月はるか,Original,Easy 6,Standard 12,Hard 26,Master 47,Unlimited 63,
100004,kimito,キミとMUSIC,CooRie,Original,Easy 7,Standard 10,Hard 26,Master 49,Unlimited 66,
100021,giantk,Giant Killing,R-Lab,Original,Easy 11,Standard 25,Hard 53,Master 71,Unlimited 78,
100015,breakd,Break down,GARNiDELiA,Original,Easy 11,Standard 23,Hard 34,Master 57,Unlimited 74,
100028,dazzlj,DAZZLING♡SEASON (Japanese Side),jun,Original,Easy 16,Standard 35,Hard 60,Master 80,Unlimited 90,
100093,ididid,I.D.,Tatsh feat. 彩音,Original,Easy 16,Standard 29,Hard 46,Master 72,Unlimited 81,
100042,sundro,Sundrop,Yamajet,Original,Easy 14,Standard 24,Hard 47,Master 75,Unlimited 83,
100063,auflcb,some day (instrumental),NAOKI,Original,Easy 8,Standard 13,Hard 43,Master 81,Unlimited N/A,
100045,dennou,電脳少女は歌姫の夢を見るか？,デスおはぎ feat.蛮,Original,Easy 15,Standard 29,Hard 60,Master 76,Unlimited 87,
100068,hokoro,ホコロビシロガールズ,むかしばなし,Original,Easy 14,Standard 29,Hard 57,Master 71,Unlimited 81,
100005,landin,Landing on the moon,SIMON,Original,Easy 13,Standard 26,Hard 33,Master 49,Unlimited 67,
100362,tomorr,Tomorrow,桜井零士,Original,Easy 8,Standard 15,Hard 24,Master 44,Unlimited 62,
100363,daybyd,day by day,海辺,Original,Easy 6,Standard 13,Hard 26,Master 38,Unlimited 59,
100309,syoujo,生々世々,SADA,Original,Easy 8,Standard 19,Hard 35,Master 53,Unlimited 78,
100352,destru,Destrudo,D-Fener,Original,Easy 10,Standard 19,Hard 41,Master 62,Unlimited 72,
100041,gingat,Re:Milky way,イトヲカシ,Original,Easy 5,Standard 13,Hard 29,Master 46,Unlimited 61,
100066,daisak,大殺界がらくたシンパシー,まふまふ,Original,Easy 12,Standard 28,Hard 36,Master 60,Unlimited 75,
100376,paradi,Paradise Regained,LC:AZE feat.chakk,Original,Easy 10,Standard 16,Hard 28,Master 53,Unlimited 64,
100377,pigooo,PIG-O,NNNNNNNNNN,Original,Easy 13,Standard 19,Hard 34,Master 59,Unlimited 84,
100386,season,The Four Seasons -SPRING- (Remix Ver.),,Variety,Easy 8,Standard 15,Hard 28,Master 44,Unlimited 65,
100387,canonn,カノン (Remix Ver.),,Variety,Easy 7,Standard 17,Hard 28,Master 50,Unlimited 83,
100388,rhapso,Rhapsody in Blue (Remix Ver.),,Variety,Easy 6,Standard 18,Hard 34,Master 62,Unlimited 74,
100389,turkis,トルコ行進曲 (Remix Ver.),,Variety,Easy 11,Standard 19,Hard 39,Master 64,Unlimited 84,
100390,biohaz,code_,umbrella Cores,Variety,Easy 6,Standard 15,Hard 30,Master 51,Unlimited 64,
100391,monhan,英雄の証 ～ 4Version,カプコンサウンドチーム,Variety,Easy 5,Standard 10,Hard 26,Master 36,Unlimited 54,
100392,gyakut2,追求 ～最終プロモーションバージョン (crossbeats REV.アレンジ),岩垂 徳行,Variety,Easy 5,Standard 13,Hard 35,Master 43,Unlimited 56,
100393,street,Theme of Ryu -SFIV Arrange-,Capcom Sound Team / Hideyuki Fukasawa,Variety,Easy 7,Standard 13,Hard 34,Master 47,Unlimited 66,
100394,rockma2,Dr. WILY STAGE 1 -OMEGAMAN MIX-,ROCK-MEN,Variety,Easy 14,Standard 21,Hard 34,Master 49,Unlimited 76,
100374,auflcb3,SOMEDAY -00.prologue-,TЁЯRA,Original,Easy 6,Standard 16,Hard 36,Master 66,Unlimited 86,
100325,irohaa,Iroha,Ryunosuke Kudo,Original,Easy 12,Standard 19,Hard 41,Master 55,Unlimited 76,
100326,ibelie,I Believe Someday,SPARKER,Original,Easy 14,Standard 27,Hard 47,Master 78,Unlimited 82,
100409,monhan2,灼熱の刃 ～ ディノバルド,カプコンサウンドチーム,Variety,Easy 6,Standard 12,Hard 24,Master 43,Unlimited 68,
100410,monhan3,古代の息吹き,カプコンサウンドチーム,Variety,Easy 8,Standard 18,Hard 28,Master 45,Unlimited 73,
100418,yejiii,YEJI,ginkiha,Original,Easy 10,Standard 22,Hard 36,Master 63,Unlimited 79,
100419,histor,HISTORIA,Cranky,Original,Easy 11,Standard 20,Hard 36,Master 56,Unlimited 82,
100338,chaset,Chase the WAVE,Tatsh feat. AKINO with bless4,Original,Easy 8,Standard 15,Hard 31,Master 58,Unlimited 76,
100412,metall,Metallical parade,Vice Principal,Original,Easy 8,Standard 16,Hard 28,Master 57,Unlimited 77,
100327,letmeg,Let Me Give You My Heart,brinq,Original,Easy 12,Standard 18,Hard 32,Master 50,Unlimited 72,
100010,hontno,ホントのワタシ,mao,Original,Easy 9,Standard 12,Hard 26,Master 53,Unlimited 66,
100024,azitat,Azitate,void,Original,Easy 14,Standard 24,Hard 55,Master 70,Unlimited 83,
100360,hellom,Hello Mr.crosbie,民安★ROCK,Original,Easy 7,Standard 18,Hard 37,Master 58,Unlimited 72,
100337,laught,Perfect laughter,ぽんず loved by yksb,Original,Easy 7,Standard 20,Hard 35,Master 51,Unlimited 71,
100426,bluede2,Blue Destiny Blue ETERNAL,NAOKI feat. Florence McNair,Original,Easy 9,Standard 16,Hard 36,Master 56,Unlimited 81,
100423,street2,Ultra Street Fighter IV,Hideyuki Fukasawa,Variety,Easy 14,Standard 21,Hard 37,Master 55,Unlimited 73,
100424,street3,Theme of Chun-Li -SFIV Arrange-,Capcom Sound Team / Hideyuki Fukasawa,Variety,Easy 13,Standard 24,Hard 38,Master 57,Unlimited 74,
100425,street4,Street Fighter V,Masahiro Aoki,Variety,Easy 11,Standard 17,Hard 32,Master 51,Unlimited 78,
100421,silbur,Silbury Sign,カヒーナムジカ,Original,Easy 9,Standard 20,Hard 35,Master 54,Unlimited 75,
100422,spicaa,Spica,Endorfin.,Original,Easy 10,Standard 23,Hard 36,Master 56,Unlimited 78,
100438,tricko,Trick Or Treat,SLAKE,Original,Easy 11,Standard 23,Hard 34,Master 56,Unlimited 75,
100435,thisis,THIS IS HDM,Relect,Original,Easy 12,Standard 23,Hard 37,Master 60,Unlimited 74,
100436,rising,Rising Day ft. Satan,GRATEC MOUR,Original,Easy 14,Standard 23,Hard 38,Master 66,Unlimited 85,
100411,orbita,Orbital velocity,Vice Principal,Original,Easy 12,Standard 20,Hard 38,Master 62,Unlimited 74,
100433,dddddd,D,六弦アリス,Original,Easy 9,Standard 13,Hard 33,Master 53,Unlimited 69,
100427,pyroma,Pyromania,KO3,Original,Easy 8,Standard 22,Hard 42,Master 70,Unlimited 84,
100312,touchn,Touch n Go,Paisley Parks,Original,Easy 15,Standard 27,Hard 46,Master 68,Unlimited 86,
100359,onlyll,only L,emon,Original,Easy 13,Standard 21,Hard 32,Master 56,Unlimited 69,
100313,upside,Upside Down,Nave ft.Mayu Wakisaka,Original,Easy 8,Standard 18,Hard 27,Master 48,Unlimited 67,
100322,istanb,İstanbul,REVen-G,Original,Easy 23,Standard 41,Hard 49,Master 90,Unlimited 98,
100371,memori,Memoria ～終焉を司る荊姫の静粛なる宴～,Astilbe × arendsii,Original,Easy 13,Standard 26,Hard 38,Master 65,Unlimited 84,
100350,straye,Strayer,Taishi,Original,Easy 14,Standard 25,Hard 36,Master 61,Unlimited 73,
100358,rearhy,Rearhythm,CooRie,Original,Easy 7,Standard 17,Hard 32,Master 52,Unlimited 69,
100432,hereco,Here comes the sun ~For you~,Z pinkpong,Original,Easy 11,Standard 16,Hard 34,Master 51,Unlimited 68,
100441,thesun,THE SUN,Tatsh,Original,Easy 13,Standard 25,Hard 40,Master 72,Unlimited 87,
100343,sayona,さよなら最終列車,むかしばなし,Original,Easy 10,Standard 20,Hard 34,Master 53,Unlimited 71,
100380,flameu,Flame Up,Inu Machine,Original,Easy 10,Standard 18,Hard 36,Master 57,Unlimited 65,
100434,raidon,RAiD on Mars,sky_delta,Original,Easy 13,Standard 30,Hard 38,Master 58,Unlimited 87,
100437,riseup,Rise Up,Dubscribe,Original,Easy 7,Standard 18,Hard 41,Master 67,Unlimited 77,
100431,sunglo,Sunglow,Yamajet feat. ひうらまさこ,Original,Easy 10,Standard 18,Hard 39,Master 59,Unlimited 72,
100439,kinbos,金星（kinboshi）,Hideyuki Ono,Original,Easy 12,Standard 22,Hard 38,Master 64,Unlimited 77,
100430,densho,電脳少女と機械仕掛けの神,Chimera music.,Original,Easy 17,Standard 28,Hard 42,Master 74,Unlimited 90,
100471,aiohoo,愛をほおばりたいッ！～Like a Monkey!～,新堂敦士,J-Pop,Easy 10,Standard 18,Hard 29,Master 42,Unlimited 66,
100472,entert,エンターテイナー (Remix ver.),,Variety,Easy 9,Standard 15,Hard 33,Master 54,Unlimited 87,
100457,takeit,Take It Back,Daniel Seven,Original,Easy 12,Standard 20,Hard 38,Master 65,Unlimited 83,
100449,harmon,Harmony,ピクセルビー,Original,Easy 12,Standard 20,Hard 36,Master 49,Unlimited 65,
100428,avemar,アヴェ・マリア (Remix ver.),,Variety,Easy 8,Standard 16,Hard 31,Master 53,Unlimited 75,
100429,mateki,復讐の炎は地獄のように我が心に燃え (Remix ver.),,Variety,Easy 10,Standard 18,Hard 35,Master 54,Unlimited 79,
100445,lovech,LOVE CHASE,大島はるな,Original,Easy 8,Standard 16,Hard 30,Master 46,Unlimited 68,
100473,akaihe,赤いヘッドホン,新堂敦士,J-Pop,Easy 8,Standard 21,Hard 32,Master 50,Unlimited 69,
100474,juicys,Juicy!　～幸せスパイラル～,新堂敦士,J-Pop,Easy 10,Standard 18,Hard 26,Master 45,Unlimited 83,
100468,codena,CODENAMEはEQ,TORIENA,Original,Easy 9,Standard 18,Hard 35,Master 48,Unlimited 68,
100475,groove,LINK LINK FEVER!!!（グルーヴコースター 3 リンクフィーバーより）,リンカ （CV:豊田萌絵）,Variety,Easy 10,Standard 22,Hard 40,Master 52,Unlimited 73,
100450,kansho,観賞用マーメイド,ヤマイ,Original,Easy 7,Standard 13,Hard 27,Master 55,Unlimited 74,
100486,overcl2,Over Clock ～前兆～,NAOKI feat. un∞limited,Original,Easy 12,Standard 23,Hard 42,Master 58,Unlimited 74,
100483,taikoo,SAKURA EXHAUST,RIO HAMAMOTO(BNSI)「太鼓の達人」より,Variety,Easy 6,Standard 13,Hard 39,Master 50,Unlimited 75,
100480,groove2,QLWA（グルーヴコースター 3 リンクフィーバーより）,t+pazolite,Variety,Easy 9,Standard 15,Hard 40,Master 58,Unlimited 85,
100487,overcl,Over Clock ～開放～,NAOKI feat. un∞limited,Original,Easy 8,Standard 12,Hard 35,Master 57,Unlimited 86,
100466,notoss,Notos,ginkiha,Original,Easy 8,Standard 12,Hard 42,Master 65,Unlimited 91,
100447,machup,マチュ☆ピチュ,コツキミヤ,Original,Easy 9,Standard 17,Hard 32,Master 41,Unlimited 71,
100488,groove3,カリソメ（グルーヴコースター 3 リンクフィーバーより）,コンプ(豚乙女) × ichigo(岸田教団 ＆ THE明星ロケッツ),Touhou + Variety,Easy 10,Standard 18,Hard 34,Master 64,Unlimited 85,
100489,groove4,そして誰もいなくなった（グルーヴコースター 3 リンクフィーバーより）,コバヤシユウヤ(IOSYS) × あにー(TaNaBaTa),Touhou + Variety,Easy 12,Standard 22,Hard 35,Master 50,Unlimited 75,
100482,everyt,EVERYTHING,Tatsh feat.小田ユウ,Original,Easy 13,Standard 22,Hard 30,Master 74,Unlimited N/A,
100465,lespri,L'esprit,Cosine,Original,Easy 13,Standard 25,Hard 57,Master 80,Unlimited N/A,
100491,groove5,グルーヴ・ザ・ハート（グルーヴコースター 3 リンクフィーバーより）,ビートまりお＋あまね,Variety,Easy 14,Standard 24,Hard 37,Master 67,Unlimited N/A,
100490,honeyo,HONEY♡SUNRiSE ～Original Side～,jun with Aimee,Original,Easy 24,Standard 32,Hard 63,Master 88,Unlimited 93,
100494,groove6,Got hive of Ra（グルーヴコースター 3 リンクフィーバーより）,E.G.G.,Variety,Easy 22,Standard 30,Hard 64,Master 79,Unlimited N/A,
100495,sunglo2,Sunglow (Happy Hardcore Style),Yamajet feat. ひうらまさこ,Original,Easy 11,Standard 21,Hard 36,Master 67,Unlimited 81,
100498,fourte,14th Clock,INNOCENT NOIZE,Original,Easy 14,Standard 24,Hard 50,Master 74,Unlimited 80,
100496,monhan4,英雄の証／MHF-Ｇ 2015 Version,若林タカツグ,Variety,Easy 5,Standard 12,Hard 40,Master 51,Unlimited 62,
100497,monhan5,異ヲ辿リシモノ -対峙-,若林タカツグ,Variety,Easy 10,Standard 12,Hard 35,Master 42,Unlimited 65,
100504,darkpa,Dark Parashu,INNOCENT NOIZE,Original,Easy 16,Standard 26,Hard 39,Master 70,Unlimited 84,
100505,hervor,Hervor,INNOCENT NOIZE,Original,Easy 18,Standard 28,Hard 39,Master 73,Unlimited 81,
100499,cirnon,チルノのパーフェクトさんすう教室,ARM＋夕野ヨシミ (IOSYS) feat. miko,Touhou,Easy 17,Standard 24,Hard 40,Master 60,Unlimited 79,
100500,marisa,魔理沙は大変なものを盗んでいきました,ARM＋夕野ヨシミ (IOSYS) feat. 藤咲かりん,Touhou,Easy 18,Standard 25,Hard 41,Master 62,Unlimited 85,
100501,yakini,究極焼肉レストラン！お燐の地獄亭！,ARM＋夕野ヨシミ (IOSYS) feat. 藤枝あかね,Touhou,Easy 13,Standard 25,Hard 34,Master 58,Unlimited 82,
100502,justic,ジャスティス・オブ・ザ・界隈 ~ALL IS FAIR IN LOVE AND ALIMARI~,void (IOSYS) feat.山本椛,Touhou,Easy 14,Standard 19,Hard 36,Master 57,Unlimited 83,
100503,sintyo,進捗どうですか？,sumijun feat.ななひら,Touhou,Easy 16,Standard 25,Hard 46,Master 70,Unlimited 83,
100347,ascand,Ascendanz,void,Original,Easy 18,Standard 32,Hard 54,Master 80,Unlimited 90,
100506,blackl,Black Lotus,Maozon,Original,Easy 12,Standard 19,Hard 41,Master 73,Unlimited 84,
100043,childr,チルドレン・オートマトン～ある歌声の亡霊～,あさまっく,Original,Easy 14,Standard 24,Hard 39,Master 56,Unlimited 62,
100044,tsukai,ツカイステ・デッドワールド,コゲ犬×ゆちゃ,Original,Easy 13,Standard 19,Hard 44,Master 72,Unlimited 76,
100067,rideon,RIDE ON NOW！,さつき が てんこもり feat.un:c,Original,Easy 16,Standard 29,Hard 41,Master 60,Unlimited 80,
100507,minest,Minestrone,orangentle,Original,Easy 13,Standard 21,Hard 39,Master 62,Unlimited 76,
100508,ordine,Ordine,orangentle,Original,Easy 19,Standard 25,Hard 43,Master 73,Unlimited 82,
100509,dreamw,DReamWorKer,LC:AZE,Original,Easy 16,Standard 26,Hard 37,Master 62,Unlimited 75,
100510,minerv,Minerva,xi,Original,Easy 25,Standard 32,Hard 61,Master 90,Unlimited N/A,
100001,wannab,Wanna Be Your Special,Shoichiro Hirata feat. SUIMI,Original,Easy 5,Standard 9,Hard 23,Master 40,Unlimited 65,
100511,sekain,世界の果て,Yamajet,Original,Easy 16,Standard 26,Hard 39,Master 69,Unlimited 78,
100512,farawa,Faraway,ミフメイ,Original,Easy 18,Standard 23,Hard 36,Master 60,Unlimited 76,
100100,crissc,Crisscrosser,void,Original,Easy 17,Standard 37,Hard 63,Master 86,Unlimited 91,
100324,speedy,Awake Speedy,DJ MURASAME,Original,Easy 11,Standard 22,Hard 55,Master 77,Unlimited N/A,
100513,xxxrev,XXX-revolt,void feat. KOTOKO,Original,Easy 15,Standard 21,Hard 34,Master 56,Unlimited 73,
100016,higame,Hi,Go-qualia,Original,Easy 13,Standard 20,Hard 30,Master 58,Unlimited 71,
100022,theepi,The Epic,Cranky,Original,Easy 14,Standard 19,Hard 40,Master 61,Unlimited 75,
100023,anomie,Anomie,D-Fener,Original,Easy 15,Standard 22,Hard 38,Master 61,Unlimited 77,
100524,crocus,Crocus,村瀬悠太,Original,Easy 15,Standard 26,Hard 37,Master 60,Unlimited 72,
100546,lavien,La vie en Fleurs,VILA,Original,Easy 18,Standard 27,Hard 41,Master 71,Unlimited 80,
100361,megaro2,MEGALOMAN[i]A -2nd IMPACT-,NEO-G,Original,Easy N/A,Standard N/A,Hard N/A,Master 99,Unlimited 100,
100541,chipnn,Chip Notch Educ@tion,yaseta feat. chip_Notch,Original,Easy 16,Standard 27,Hard 34,Master 61,Unlimited 79,
100007,yiyoyi,Wanyo Wanyo,MC Natsack,Original,Easy 7,Standard 14,Hard 33,Master 56,Unlimited 70,
100014,binary,Binary Overdrive,フラット3rd,Original,Easy 14,Standard 17,Hard 35,Master 64,Unlimited 89,
100054,makaim,魔界村 (平地BGM),Remixed by ARM (IOSYS),Original + Variety,Easy 23,Standard 30,Hard 50,Master 77,Unlimited N/A,
100055,gyakut,逆転裁判 (綾里真宵 ～逆転姉妹のテーマ),Remixed by OSTER project,Original + Variety,Easy 6,Standard 15,Hard 21,Master 46,Unlimited 64,
100056,basara,戦国BASARA (SENGOKU BASARA),Remixed by SOUND HOLIC,Original + Variety,Easy 14,Standard 19,Hard 37,Master 64,Unlimited 73,
100514,daybre,DAYBREAK FRONTLINE,Orangestar,Vocaloid,Easy 9,Standard 16,Hard 32,Master 53,Unlimited 72,
100515,umiyur,ウミユリ海底譚,n-buna,Vocaloid,Easy 8,Standard 14,Hard 28,Master 46,Unlimited 64,
100516,chalur,シャルル,バルーン,Vocaloid,Easy 14,Standard 18,Hard 40,Master 60,Unlimited 72,
100517,melanc,メランコリック,Junky,Vocaloid,Easy 10,Standard 15,Hard 30,Master 50,Unlimited 63,
100518,konofu,このふざけた素晴らしき世界は、僕の為にある,n.k,Vocaloid,Easy 11,Standard 23,Hard 35,Master 62,Unlimited 81,
100526,bladem,The Blade Master,mikashu,Original,Easy 17,Standard 28,Hard 38,Master 63,Unlimited 75,
100536,southw,South wind,moimoi,Original,Easy 12,Standard 18,Hard 27,Master 57,Unlimited 68,
100537,ryuuse,流星デモクラシー,kamejack,Original,Easy 13,Standard 21,Hard 32,Master 59,Unlimited N/A,
100519,redhea,ROCK'N'ROLL☆FLYING REDHEAD,暁Records,Touhou,Easy 10,Standard 27,Hard 39,Master 59,Unlimited 72,
100520,warnin,WARNING×WARNING×WARNING,暁Records,Touhou,Easy 12,Standard 25,Hard 36,Master 61,Unlimited 74,
100521,topsec,TOP SECRET　-My Red World-,暁Records,Touhou,Easy 13,Standard 24,Hard 34,Master 51,Unlimited 64,
100522,dddoll,DOWN DOWN DOLL,暁Records,Touhou,Easy 14,Standard 26,Hard 38,Master 55,Unlimited 63,
100548,tracee,トレイス・エゴイズム,暁Records,Touhou,Easy 9,Standard 19,Hard 31,Master 49,Unlimited 65,
100111,drivin,Driving story,Duca,Original,Easy 8,Standard 23,Hard 40,Master 66,Unlimited 76,
100118,genzit,現実幻覚スピードスター,yozuca*,Original,Easy 12,Standard 18,Hard 46,Master 73,Unlimited 82,
100039,aerial,エアリアル,カヒーナムジカ,Original,Easy 5,Standard 11,Hard 28,Master 56,Unlimited 71,
100532,einher,Einherjar,閣下,Original,Easy 16,Standard 29,Hard 40,Master 74,Unlimited 80,
100540,ariell,Ariel,nanobii,Original,Easy 15,Standard 19,Hard 32,Master 64,Unlimited 73,
100542,firstl,First Love,UFO,Original,Easy 17,Standard 25,Hard 36,Master 65,Unlimited 77,
100550,heartl,Heartland,Bernis,Original,Easy 11,Standard 23,Hard 30,Master 64,Unlimited N/A,
100551,erasee,ERASE,MozSound,Original,Easy 12,Standard 22,Hard 35,Master 58,Unlimited 68,
100530,regene,Regeneration ray,Tsukasa,Original,Easy 13,Standard 20,Hard 30,Master 56,Unlimited 70,
100549,allelu,アレルヤ,HAKKYOU-KUN feat.玉置成実,Original,Easy 16,Standard 28,Hard 35,Master 64,Unlimited 75,
100543,lighto,Light of my Life,S3RL,Original,Easy 12,Standard 25,Hard 33,Master 60,Unlimited 74,
100552,termin,Terminus a quo,ginkiha,Original,Easy 13,Standard 24,Hard 34,Master 63,Unlimited 79,
100556,ryuuse2,流星でもくらちー☆,kamejack,Original,Easy 13,Standard 20,Hard 36,Master 62,Unlimited 75,
100547,prizmm,PRIZM,ミフメイ,Original,Easy 12,Standard 21,Hard 30,Master 54,Unlimited N/A,
100098,samalv,サマ★ラブ,コツキミヤ,Original,Easy 13,Standard 19,Hard 39,Master 58,Unlimited 77,
100544,palpit,Palpitation,Zekk,Original,Easy 18,Standard 29,Hard 55,Master 84,Unlimited 92,
100558,gainen,Break the Wall!! ～ロンリガイネン,暁Records,Original,Easy 15,Standard 26,Hard 37,Master 63,Unlimited N/A,
100525,moonsh,Moon Shard,satella,Original,Easy 10,Standard 23,Hard 36,Master 62,Unlimited N/A,
100559,moonki,MoonLightKiss,effe,Original,Easy 13,Standard 25,Hard 39,Master 64,Unlimited N/A,
100560,moonri,Moonrise,Relect,Original,Easy 14,Standard 21,Hard 38,Master 58,Unlimited 85,
100561,goaway,Go Away,Cranky,Original,Easy 10,Standard 23,Hard 45,Master 59,Unlimited 70,
100567,itback,Bring it back now,siromaru,Original,Easy 12,Standard 23,Hard 38,Master 71,Unlimited N/A,
100569,redhhh,Red Heart,Yooh vs. siromaru,Original,Easy 13,Standard 24,Hard 39,Master 77,Unlimited N/A,
100568,actual,Actual Reverse,siromaru,Original,Easy 14,Standard 25,Hard 38,Master 80,Unlimited N/A,
100367,zonzon,Bi-Zon Zon Zombi,MC Natsack,Original,Easy 5,Standard 16,Hard 33,Master 63,Unlimited 67,
100565,memorm,Memorim,Avans,Original,Easy 15,Standard 26,Hard 37,Master 73,Unlimited N/A,
100554,kokoro,ココロメソッド,Endorfin.,Original,Easy 12,Standard 20,Hard 43,Master 65,Unlimited 69,
100563,poweri,Power is Power,KO3,Original,Easy 13,Standard 26,Hard 49,Master 75,Unlimited 91,
100555,nisenn,２０２０,Ω,Original,Easy N/A,Standard N/A,Hard N/A,Master 76,Unlimited N/A,
100096,yukiya,Vespero,Monotone Rhythm feat.綾川雪弥,Original,Easy 11,Standard 19,Hard 40,Master 61,Unlimited N/A,
100124,zankyo,残響のアカーシャ,Astilbe × arendsii,Original,Easy 10,Standard 18,Hard 38,Master 57,Unlimited 74,
100119,overlp,オーバーラップ,millie loved by yksb,Original,Easy 9,Standard 17,Hard 30,Master 51,Unlimited N/A,
100529,fracta,Fractalize,Sakuzyo,Original,Easy 19,Standard 31,Hard 52,Master 83,Unlimited N/A,
100455,cantst,Can't Stop,KaSa,Original,Easy 11,Standard 23,Hard 42,Master 65,Unlimited N/A,
100527,primaa,Prima,Kiryu(桐生),Original,Easy 12,Standard 18,Hard 35,Master 54,Unlimited 75,
100448,cyberg,CYBER GANG,ヒゲドライVAN,Original,Easy 12,Standard 23,Hard 35,Master 60,Unlimited N/A,
100018,freakw,Freak With Me,SLAKE,Original,Easy 13,Standard 22,Hard 42,Master 65,Unlimited 66,
100006,aquali,Aqualight,MAYA AKAI,Original,Easy 11,Standard 16,Hard 34,Master 58,Unlimited N/A,
100572,takesc,Music Takes Control,Fierce Chain,Original,Easy 10,Standard 27,Hard 37,Master 69,Unlimited N/A,
100531,cthugh,Cthugha,MozSound,Original,Easy 14,Standard 25,Hard 48,Master 73,Unlimited N/A,
100571,thetaa,θ (theta) ,effe,Original,Easy 11,Standard 21,Hard 34,Master 62,Unlimited N/A,
100493,nekofu,ネコふんじゃった☆ (クローニャSTYLE),,Variety,Easy 10,Standard 22,Hard 34,Master 57,Unlimited 80,
100057,howtru,How True Is Your Love,brinq,Original,Easy 8,Standard 12,Hard 25,Master 53,Unlimited 74,
100047,romanc,ロマンシングゲーム,まふ×ティン,Original,Easy 10,Standard 28,Hard 55,Master 78,Unlimited N/A,
100573,kotobu,KOTOBUKI,REVen-G,Original,Easy 25,Standard 32,Hard 71,Master 90,Unlimited N/A,
100417,xmasss,ジングルベル (NM REMIX),,Variety,Easy 8,Standard 18,Hard 38,Master 56,Unlimited 77,
100600,galaxy,GALAXY,キュウソネコカミ,J-Pop,Easy 10,Standard 16,Hard 32,Master 43,Unlimited 67,
100601,rebell,Rebellion,NAOKI underground,Original,Easy N/A,Standard 49,Hard 63,Master 91,Unlimited N/A,
100602,anothe,Another Chance,Luci,Original,Easy N/A,Standard 27,Hard 37,Master 73,Unlimited 76,
100603,addict,Addicted,luz×アリエP,Original,Easy N/A,Standard 20,Hard 34,Master 52,Unlimited 62,
100604,dirtyy,Dirty Mouth,Asletics,Original,Easy N/A,Standard 15,Hard 28,Master 59,Unlimited 74,
100605,levelf,LEVEL5-Judgelight-,fripSide,J-Pop,Easy 5,Standard 11,Hard 28,Master 45,Unlimited 63,
100606,omnive,Omniverse,Atomic,Original,Easy N/A,Standard 34,Hard 52,Master 83,Unlimited 86,
100607,kakuse,覚醒 ∞ awake！,PwD,Original,Easy N/A,Standard 17,Hard 55,Master 75,Unlimited N/A,
100608,unbeli,アンビリーバーズ,米津玄師,J-Pop,Easy 7,Standard 13,Hard 26,Master 38,Unlimited 62,
100609,sonzai,ソンザイキョウドウタイ,ジギル,Original,Easy N/A,Standard 26,Hard 40,Master 59,Unlimited 66,
100610,okonik,OKONIKUKOD,SHU OKUYAMA,Original,Easy N/A,Standard 26,Hard 45,Master 67,Unlimited N/A,
100611,crssho,CrossShooter,Tatsh,Original,Easy 10,Standard 35,Hard 60,Master 85,Unlimited N/A,
100612,reanim,Reanimation,DC feat.S!N,Original,Easy N/A,Standard 28,Hard 44,Master 70,Unlimited 80,
100613,kamino,kaminoko,HAKKYOU-KUN,Original,Easy 15,Standard 40,Hard 62,Master 78,Unlimited N/A,
100614,fiveee,Five,ANOTHER STORY,J-Pop,Easy 10,Standard 18,Hard 37,Master 61,Unlimited 71,
100615,granda,Grand Arc,Tosh,Original,Easy N/A,Standard 21,Hard 38,Master 79,Unlimited N/A,
100616,fronti2,NEXT FRONTIER -TRUE RISE-,NAOKI,Original,Easy 9,Standard 46,Hard 69,Master 89,Unlimited N/A,
100617,saigon,最後の1ページ,桜井零士,Original,Easy N/A,Standard 19,Hard 31,Master 57,Unlimited N/A,
100618,replay,REPLAY,VAMPS,J-Pop,Easy 8,Standard 18,Hard 44,Master 63,Unlimited 70,
100619,mousou,妄想全開,志麻×ふぉP,Original,Easy N/A,Standard 16,Hard 26,Master 54,Unlimited N/A,
100620,aheadd,AHEAD,VAMPS,J-Pop,Easy 7,Standard 13,Hard 25,Master 35,Unlimited 58,
100621,musicr1,All You Need Is Beat(s) -musicるTV・ミリオン連発音楽作家塾第7弾-,CLONE,Original,Easy 12,Standard 22,Hard 33,Master 58,Unlimited 74,
100622,getthe,Get the glory,中ノ森文子,J-Pop,Easy 6,Standard 17,Hard 37,Master 49,Unlimited 66,
100623,design,Designed World,Alinut,Original,Easy N/A,Standard 15,Hard 39,Master 68,Unlimited 69,
100624,garnet,GARNET HOWL,フラット3rd,Original,Easy N/A,Standard 26,Hard 46,Master 70,Unlimited 94,
100625,hopesb,Hopes Bright,WHITE ASH,J-Pop,Easy 7,Standard 10,Hard 25,Master 44,Unlimited 61,
100626,shooti,Shooting Star feat.HISASHI (GLAY),96猫,J-Pop,Easy 7,Standard 15,Hard 37,Master 49,Unlimited 69,
100627,dangan,弾丸と星空,HAKKYOU-KUN,Original,Easy N/A,Standard 28,Hard 58,Master 81,Unlimited N/A,
100628,impact,Impact,Tatsh,Original,Easy 20,Standard 24,Hard 60,Master 72,Unlimited 90,
100629,lightm,Light My Fire,KOTOKO,J-Pop,Easy 11,Standard 26,Hard 33,Master 54,Unlimited 71,
100630,miiroo,海色,AKINO from bless4,J-Pop,Easy 11,Standard 22,Hard 39,Master 58,Unlimited 68,
100631,voiceo,Voice Of House,DOT96,Original,Easy N/A,Standard 18,Hard 34,Master 58,Unlimited 59,
100632,cosmol,Cosmology,RIC,Original,Easy 25,Standard 36,Hard 64,Master 87,Unlimited N/A,
100633,vividd,ViViD,May'n,J-Pop,Easy 9,Standard 16,Hard 35,Master 55,Unlimited 65,
100634,splash,SPLASH,MAYA AKAI,Original,Easy N/A,Standard 26,Hard 50,Master 71,Unlimited N/A,
100635,donuth,ドーナツホール,ハチ,Vocaloid,Easy 11,Standard 22,Hard 40,Master 54,Unlimited 80,
100636,senbon,千本桜,和楽器バンド,Vocaloid,Easy 12,Standard 20,Hard 28,Master 54,Unlimited 74,
100637,kmtyju,君と野獣,バンドハラスメント,J-Pop,Easy 12,Standard 24,Hard 31,Master 57,Unlimited 74,
100638,fronti,NEXT FRONTIER,NAOKI,Original,Easy 13,Standard 48,Hard 65,Master 82,Unlimited N/A,
100639,nueraa,Nu Era,SPARKER,Original,Easy N/A,Standard 22,Hard 43,Master 75,Unlimited 53,
100640,childe,CHiLD -error-,MY FIRST STORY,J-Pop,Easy 4,Standard 9,Hard 24,Master 34,Unlimited 56,
100641,dazzli2,DAZZLING♡SEASON (Darwin Remix),jun,Original,Easy 19,Standard 35,Hard 60,Master 82,Unlimited N/A,
100642,perfec,Perfectionism,高橋渉 feat.2d6,Original,Easy N/A,Standard 39,Hard 64,Master 78,Unlimited N/A,
100643,flower,Flowerwall,米津玄師,J-Pop,Easy 6,Standard 7,Hard 20,Master 40,Unlimited 65,
100644,frgmnt,Frgmnts,Nyolfen,Original,Easy 10,Standard 33,Hard 63,Master 74,Unlimited 65,
100645,headph,HEADPHONE PARTY,A-One,Original,Easy N/A,Standard 24,Hard 32,Master 52,Unlimited N/A,
100646,crsang,Cross＋Angel,Tatsh feat. 彩音,Original,Easy 13,Standard 27,Hard 53,Master 67,Unlimited N/A,
100647,musicr4,Accept,sushi feat.とよだま,Original,Easy 12,Standard 19,Hard 32,Master 58,Unlimited N/A,
100648,imaxim,A×E×U×G -act.1-,190Cb,Original,Easy N/A,Standard 44,Hard 69,Master 90,Unlimited 87,
100649,azitat2,Azitate (Prologue Edition),void,Original,Easy 8,Standard 23,Hard 52,Master 66,Unlimited N/A,
100650,dynami,DYNAMITE SENSATION,NAOKI,Original,Easy 11,Standard 26,Hard 54,Master 68,Unlimited N/A,
100651,incave,Into the Cave,Jerico,Original,Easy N/A,Standard 22,Hard 44,Master 76,Unlimited 78,
100652,aktuki,AKATSUKI,NAOKI underground,Original,Easy 10,Standard 26,Hard 58,Master 84,Unlimited N/A,
100653,kindof,Wonderful,Fraz,Original,Easy N/A,Standard 14,Hard 29,Master 48,Unlimited N/A,
100654,mikaku,未確認XX生命体,民安★ROCK,Original,Easy N/A,Standard 19,Hard 31,Master 54,Unlimited N/A,
100655,strang,ストレンジ・ディーヴァ,麹町養蚕館,Original,Easy N/A,Standard 12,Hard 28,Master 55,Unlimited N/A,
100656,hesper,Hesperides,xi,Original,Easy N/A,Standard 36,Hard 61,Master 92,Unlimited 93,
100657,breaka,Break a spell,川田まみ,J-Pop,Easy 7,Standard 15,Hard 31,Master 45,Unlimited 68,
100658,myname,When You Call My Name,Beat Envy,Original,Easy N/A,Standard 6,Hard 14,Master 30,Unlimited 57,
100659,amaiko,甘い言葉,Kenichi Chiba feat. EVO+,Original,Easy N/A,Standard 15,Hard 37,Master 60,Unlimited N/A,
100660,reseed2,Reseed,quick master,Original,Easy N/A,Standard 22,Hard 47,Master 63,Unlimited N/A,
100661,kingst,KING STUN,JUPITRIS,Original,Easy 12,Standard 38,Hard 63,Master 74,Unlimited N/A,
100662,ramram,Break Your World,RAM,Original,Easy N/A,Standard 23,Hard 34,Master 67,Unlimited N/A,
100663,murasa,Murasame,Ryunosuke Kudo,Original,Easy N/A,Standard 28,Hard 41,Master 76,Unlimited N/A,
100664,happyd,Happy Deathday,ANOTHER STORY,Original,Easy 18,Standard 22,Hard 41,Master 73,Unlimited 79,
100665,izimed,イジメ、ダメ、ゼッタイ,BABYMETAL,J-Pop,Easy 9,Standard 19,Hard 39,Master 69,Unlimited 77,
100666,wastel,Wasteland,James Taplin,Original,Easy N/A,Standard 4,Hard 12,Master 23,Unlimited 40,
100667,assign,Assign,MASAYASU,Original,Easy N/A,Standard 26,Hard 43,Master 61,Unlimited 62,
100668,jahaci,Jahacid,DJ SODEYAMA,Original,Easy N/A,Standard 17,Hard 29,Master 59,Unlimited N/A,
100669,hisuii,Hisui,stereoberry,Original,Easy N/A,Standard 22,Hard 47,Master 70,Unlimited N/A,
100670,godkno,God knows...,涼宮ハルヒ(C.V.平野綾),J-Pop,Easy 6,Standard 10,Hard 26,Master 45,Unlimited 64,
100671,roadof,Road of Resistance,BABYMETAL,J-Pop,Easy 7,Standard 15,Hard 36,Master 50,Unlimited 75,
100672,rokuch,六兆年と一夜物語,和楽器バンド,J-Pop + Vocaloid,Easy 11,Standard 21,Hard 35,Master 62,Unlimited 81,
100673,valent,いつか王子様が (Remix Ver.),,Original,Easy 10,Standard 27,Hard 33,Master 59,Unlimited 77,
100674,unfini,→unfinished→,KOTOKO,J-Pop,Easy 8,Standard 16,Hard 32,Master 50,Unlimited 71,
100675,auflcb2,some day -see you again-,NAOKI,Original,Easy 10,Standard 22,Hard 37,Master 75,Unlimited N/A,
100676,burnin,Burning Inside,Nhato,Original,Easy 15,Standard 18,Hard 28,Master 60,Unlimited 85,
100677,sphere,Hypersphere,Dubscribe,Original,Easy N/A,Standard 20,Hard 38,Master 73,Unlimited N/A,
100678,dropou,D.O.B.,野水いおり,J-Pop,Easy 14,Standard 17,Hard 31,Master 46,Unlimited 69,
100679,xencou,X-encounter,黒崎真音,J-Pop,Easy 8,Standard 20,Hard 32,Master 52,Unlimited 60,
100680,killyk,killy killy JOKER,分島花音,J-Pop,Easy 6,Standard 13,Hard 42,Master 63,Unlimited 76,
100681,missil,the Last Missile Man,adHoc World,Original,Easy N/A,Standard 16,Hard 38,Master 59,Unlimited N/A,
100682,burstt,Burst The Gravity,ALTIMA,J-Pop,Easy 7,Standard 12,Hard 25,Master 46,Unlimited 63,
100683,musicr2,My Recklessness,Kagerou,Original,Easy 12,Standard 22,Hard 33,Master 58,Unlimited N/A,
100684,isingl,Isinglass,Voltex,Original,Easy 12,Standard 25,Hard 44,Master 80,Unlimited N/A,
100685,lvless,Loveless,YOSA,Original,Easy N/A,Standard 23,Hard 38,Master 60,Unlimited N/A,
100686,sapphi,Sapphire,voltex,Original,Easy N/A,Standard 29,Hard 44,Master 81,Unlimited N/A,
100687,musicr3,Climaxxx Party -musicるTV・ミリオン連発音楽作家塾第7弾-,Kyota. feat.とよだま＆れい,Original,Easy 12,Standard 19,Hard 32,Master 58,Unlimited 72,
100688,deeout,Deep Outside,Seiho,Original,Easy N/A,Standard 18,Hard 34,Master 63,Unlimited 81,
100689,sugars,シュガーソングとビターステップ,UNISON SQUARE GARDEN,J-Pop,Easy 6,Standard 17,Hard 30,Master 42,Unlimited 66,
100690,mercur,MERCURY ,E.Z.M,Original,Easy N/A,Standard 14,Hard 35,Master 66,Unlimited N/A,
100691,zizizi,Z[i],Cybermiso,Original,Easy N/A,Standard 30,Hard 57,Master 88,Unlimited 96,
100692,wegooo,WE GO,BREAKERZ,J-Pop,Easy 10,Standard 18,Hard 34,Master 54,Unlimited 68,
100693,alonee,ALONE,MY FIRST STORY,J-Pop,Easy 5,Standard 11,Hard 21,Master 36,Unlimited 48,
100694,nuheat,Nu Heat,Paisley Parks,Original,Easy N/A,Standard 29,Hard 44,Master 65,Unlimited 85,
100695,granro,メモリーズ,GRANRODEO,J-Pop,Easy 8,Standard 15,Hard 28,Master 43,Unlimited 60,
100696,sister,sister's noise,fripSide,J-Pop,Easy 7,Standard 10,Hard 27,Master 46,Unlimited 63,
100697,lotusl,Lotus Love,Maozon,Original,Easy N/A,Standard 20,Hard 36,Master 64,Unlimited N/A,
100698,yukari,YUKARI,Ocelot,Original,Easy N/A,Standard 31,Hard 50,Master 76,Unlimited 84,
100699,flawli,フローライト,米津玄師,J-Pop,Easy 8,Standard 17,Hard 30,Master 40,Unlimited 59,
100700,nightf,NIGHT FEELIN',マセラティ渚,Original,Easy N/A,Standard 15,Hard 28,Master 46,Unlimited 71,
100701,random,シャッフルセレクト,シャッフルセレクト,Original,Easy N/A,Standard N/A,Hard N/A,Master N/A,Unlimited N/A,
100702,wiwwtw,What Is Wrong With The World,SADA,Original,Easy N/A,Standard 26,Hard 38,Master 62,Unlimited N/A,
100703,inneru,Inner Urge,上坂すみれ,Original,Easy 9,Standard 22,Hard 36,Master 48,Unlimited 67,
100704,taishi,Otherside,Taishi,Original,Easy N/A,Standard 19,Hard 35,Master 58,Unlimited N/A,
100705,daysss,Days,Kent Alexander,Original,Easy N/A,Standard 38,Hard 59,Master 81,Unlimited 81,
100706,bokuwa,僕は君のアジテーターじゃない feat.Neru,焚吐,J-Pop,Easy 16,Standard 23,Hard 34,Master 55,Unlimited 69,
100707,showww,掌 -show-,喜多村英梨,Original,Easy 15,Standard 18,Hard 35,Master 51,Unlimited 79,
100708,nevers,Never Sleep Again,PassCode,J-Pop,Easy 15,Standard 26,Hard 32,Master 65,Unlimited 75,
100709,bleeze,BLEEZE,GLAY,J-Pop,Easy 9,Standard 16,Hard 31,Master 47,Unlimited 62,
100710,dreami,DREAMIN' OF YOU feat.コッテル,Arts Of Collective,Original,Easy N/A,Standard 14,Hard 37,Master 65,Unlimited N/A,
100711,allune,All U Need,MesoPhunk,Pick-Up (New + Revival),Easy N/A,Standard 14,Hard 35,Master 71,Unlimited N/A,
100712,always,Always Thinking Of You,Sketchout,Pick-Up (New + Revival),Easy N/A,Standard 13,Hard 27,Master 49,Unlimited N/A,
100713,anomie2,Anomie (Axiom Style),D-Fener,Pick-Up (New + Revival),Easy N/A,Standard 16,Hard 43,Master 84,Unlimited N/A,
100714,aquali2,Aqualight (Remix Ver.),MAYA AKAI,Pick-Up (New + Revival),Easy N/A,Standard 22,Hard 43,Master 60,Unlimited 81,
100715,astaro,ASTAROTH,JUPITRIS,Pick-Up (New + Revival),Easy N/A,Standard 23,Hard 40,Master 74,Unlimited N/A,
100716,bassan,BASS ANTICS,Mitomoro,Pick-Up (New + Revival),Easy N/A,Standard 20,Hard 32,Master 66,Unlimited N/A,
100717,zonzon2,Bi-Zon Zon Zombi (More Zombies Ver.),MC Natsack,Pick-Up (New + Revival),Easy N/A,Standard 13,Hard 27,Master 68,Unlimited 75,
100718,bouled,boule de berlin,JTTR,Pick-Up (New + Revival),Easy N/A,Standard 19,Hard 30,Master 57,Unlimited N/A,
100719,brandn,BRAND NEW,Headphone-Tokyo(star)(star) feat.カヒーナ,Pick-Up (New + Revival),Easy N/A,Standard 9,Hard 39,Master 66,Unlimited 72,
100720,bravee,BRAVE,Ryuno,Pick-Up (New + Revival),Easy N/A,Standard 35,Hard 60,Master 82,Unlimited N/A,
100721,breakd2,Break down (2nd Edition),GARNiDELiA,Pick-Up (New + Revival),Easy N/A,Standard 34,Hard 64,Master 74,Unlimited N/A,
100722,buffet,Buffet survivor,Yamajet feat. Cathy & TEA,Pick-Up (New + Revival),Easy N/A,Standard 38,Hard 55,Master 68,Unlimited N/A,
100723,buzzke,BUZZ Ketos,フラット3rd,Pick-Up (New + Revival),Easy N/A,Standard 18,Hard 33,Master 58,Unlimited 77,
100724,cashhh,Cash!,Nor,Pick-Up (New + Revival),Easy N/A,Standard 19,Hard 25,Master 64,Unlimited N/A,
100725,cloudb,Cloudburst,Relect,Pick-Up (New + Revival),Easy N/A,Standard 37,Hard 66,Master 74,Unlimited N/A,
100726,clouds,cloudstepping,Ryuno,Pick-Up (New + Revival),Easy N/A,Standard 13,Hard 25,Master 47,Unlimited N/A,
100727,codepa,Code Paradiso,Himmel,Pick-Up (New + Revival),Easy N/A,Standard 29,Hard 55,Master 70,Unlimited N/A,
100728,comear,Come Around,MesoPhunk,Pick-Up (New + Revival),Easy N/A,Standard 38,Hard 56,Master 83,Unlimited N/A,
100729,crysta,Crystal Ribbon,Cosine,Pick-Up (New + Revival),Easy N/A,Standard 37,Hard 56,Master 81,Unlimited N/A,
100730,curseo,Curse of Doll,KO3,Pick-Up (New + Revival),Easy N/A,Standard 22,Hard 36,Master 74,Unlimited N/A,
100731,datami,data mining,voia,Pick-Up (New + Revival),Easy N/A,Standard 18,Hard 36,Master 66,Unlimited N/A,
100732,defaul,default affinity,JTTR,Pick-Up (New + Revival),Easy N/A,Standard 21,Hard 33,Master 48,Unlimited N/A,
100733,design2,Designed World (Remix ver.),Alinut,Pick-Up (New + Revival),Easy N/A,Standard 25,Hard 43,Master 68,Unlimited N/A,
100734,diamon,DIAMOND SKIN,GLAY,Pick-Up (New + Revival),Easy N/A,Standard 10,Hard 26,Master 33,Unlimited N/A,
100735,dispel,dispel,Endorfin.,Pick-Up (New + Revival),Easy N/A,Standard 28,Hard 48,Master 80,Unlimited N/A,
100736,distan,Distantmemory,村瀬悠太,Pick-Up (New + Revival),Easy N/A,Standard 20,Hard 30,Master 68,Unlimited N/A,
100737,dokibl,Doki Blaster,VOIA,Pick-Up (New + Revival),Easy N/A,Standard 15,Hard 23,Master 67,Unlimited N/A,
100738,dontwa,Don't Walk Away,Sarah-Jane,Pick-Up (New + Revival),Easy N/A,Standard 13,Hard 34,Master 69,Unlimited N/A,
100739,drgirl,Dreaming Girl,Nor,Pick-Up (New + Revival),Easy N/A,Standard 19,Hard 35,Master 54,Unlimited 73,
100740,eterna,Eternally,GLAY,Pick-Up (New + Revival),Easy N/A,Standard 12,Hard 21,Master 39,Unlimited N/A,
100741,everkr,everKrack,GLAY,Pick-Up (New + Revival),Easy N/A,Standard 18,Hard 29,Master 41,Unlimited N/A,
100742,everwh,EverWhite,satella,Pick-Up (New + Revival),Easy N/A,Standard 20,Hard 31,Master 58,Unlimited N/A,
100743,farthe,FarthestEnd,Sakuzyo,Pick-Up (New + Revival),Easy N/A,Standard 30,Hard 56,Master 78,Unlimited 87,
100744,filame,Filament Flow,Endorfin.,Pick-Up (New + Revival),Easy N/A,Standard 23,Hard 38,Master 63,Unlimited N/A,
100745,flameu2,Flame Up (Remix Ver.),Inu Machine,Pick-Up (New + Revival),Easy N/A,Standard 17,Hard 24,Master 59,Unlimited N/A,
100746,freeee,Free,千π,Pick-Up (New + Revival),Easy N/A,Standard 19,Hard 39,Master 69,Unlimited N/A,
100747,funkyb2,FUNKYBABY EVOLUTION,Yamajet,Pick-Up (New + Revival),Easy N/A,Standard 21,Hard 34,Master 56,Unlimited N/A,
100748,granda2,Grand Arc (Club Remix),Tosh,Pick-Up (New + Revival),Easy N/A,Standard 24,Hard 41,Master 73,Unlimited 83,
100749,hsphsp,H.S.P (Hard Style Party),Ravine & Tom Budin,Pick-Up (New + Revival),Easy N/A,Standard 12,Hard 25,Master 69,Unlimited N/A,
100750,halluc,Hallucination XXX,t+pazolite,Pick-Up (New + Revival),Easy N/A,Standard 40,Hard 52,Master 87,Unlimited N/A,
100751,indigo,Indigo Isle,Syntax Error,Pick-Up (New + Revival),Easy N/A,Standard 17,Hard 33,Master 50,Unlimited 75,
100752,inters,Interstellar Plazma,KO3,Pick-Up (New + Revival),Easy N/A,Standard 25,Hard 42,Master 77,Unlimited N/A,
100753,incave2,Into the Cave (Another Edit),Jerico,Pick-Up (New + Revival),Easy N/A,Standard 31,Hard 57,Master 88,Unlimited N/A,
100754,ioniza,IONIZATION,llliiillliiilll,Pick-Up (New + Revival),Easy N/A,Standard 17,Hard 34,Master 70,Unlimited 85,
100755,guilty,JUSTICE [from] GUILTY,GLAY,Pick-Up (New + Revival),Easy N/A,Standard 15,Hard 28,Master 50,Unlimited N/A,
100756,keraun,Keraunos,Xiphoid Sphere (xi + siromaru),Pick-Up (New + Revival),Easy N/A,Standard 25,Hard 52,Master 79,Unlimited N/A,
100757,landin2,Landing on the moon (Instrumental Version),SIMON,Pick-Up (New + Revival),Easy N/A,Standard 20,Hard 34,Master 59,Unlimited 66,
100758,videog,Life In A Video Game,Bentobox,Pick-Up (New + Revival),Easy N/A,Standard 21,Hard 37,Master 62,Unlimited N/A,
100759,loseyo,Lose Your Mind,Vau Boy,Pick-Up (New + Revival),Easy N/A,Standard 20,Hard 30,Master 71,Unlimited N/A,
100760,machin,Machine,Sparky,Pick-Up (New + Revival),Easy N/A,Standard 12,Hard 28,Master 72,Unlimited N/A,
100761,makeit,Make It Fresh EDM ver.,HighLux,Pick-Up (New + Revival),Easy N/A,Standard 11,Hard 24,Master 48,Unlimited N/A,
100762,daydre,Mechanized Daydream,s-don,Pick-Up (New + Revival),Easy N/A,Standard 19,Hard 36,Master 80,Unlimited N/A,
100763,metron,Metro Night,ginkiha,Pick-Up (New + Revival),Easy N/A,Standard 20,Hard 44,Master 71,Unlimited N/A,
100764,milkyw,Milky Way Trip,Nor,Pick-Up (New + Revival),Easy N/A,Standard 22,Hard 31,Master 60,Unlimited N/A,
100766,nayuta,nayuta,happy machine,Pick-Up (New + Revival),Easy N/A,Standard 17,Hard 37,Master 68,Unlimited N/A,
100767,nightm,nightmares,Seeds of the Upcoming Infection,Pick-Up (New + Revival),Easy N/A,Standard 20,Hard 49,Master 73,Unlimited N/A,
100768,otherw,Other World,XIO,Pick-Up (New + Revival),Easy N/A,Standard 23,Hard 41,Master 76,Unlimited N/A,
100769,overth,Over The Blue (Breaking Through),Fracus & Darwin Feat. Jenna,Pick-Up (New + Revival),Easy N/A,Standard 33,Hard 57,Master 82,Unlimited N/A,
100770,uuuuuu,Phoenix,U,Pick-Up (New + Revival),Easy N/A,Standard 23,Hard 37,Master 74,Unlimited N/A,
100771,rainin,Raining Again feat. Bea Aria,Sanxion,Pick-Up (New + Revival),Easy N/A,Standard 16,Hard 41,Master 69,Unlimited N/A,
100772,raisey,Raise Your Handz!,KO3 & Relect,Pick-Up (New + Revival),Easy N/A,Standard 23,Hard 55,Master 75,Unlimited N/A,
100773,resona,Resonance,RAM,Pick-Up (New + Revival),Easy N/A,Standard 17,Hard 32,Master 64,Unlimited N/A,
100774,reuniv,Reuniverse,Headphone-Tokyo(star)(star) feat.カヒーナ,Pick-Up (New + Revival),Easy N/A,Standard 14,Hard 23,Master 41,Unlimited N/A,
100775,rhythm,RHYTHM GAME MACHINE,ginkiha,Pick-Up (New + Revival),Easy N/A,Standard 37,Hard 56,Master 78,Unlimited N/A,
100776,rushhh,Rush,TANUKI,Pick-Up (New + Revival),Easy N/A,Standard 25,Hard 37,Master 75,Unlimited N/A,
100777,steeee,S.T.E,Tatsh,Pick-Up (New + Revival),Easy N/A,Standard 30,Hard 58,Master 87,Unlimited N/A,
100778,sangey,Sangeyasya,NNNNNNNNNN,Pick-Up (New + Revival),Easy N/A,Standard 27,Hard 47,Master 85,Unlimited N/A,
100779,senpai,Senpai Slam,千π,Pick-Up (New + Revival),Easy N/A,Standard 38,Hard 54,Master 77,Unlimited N/A,
100780,sestea,Sestea,Feryquitous,Pick-Up (New + Revival),Easy N/A,Standard 27,Hard 47,Master 76,Unlimited N/A,
100781,silver,Silverd,Feryquitous,Pick-Up (New + Revival),Easy N/A,Standard 28,Hard 40,Master 69,Unlimited N/A,
100782,sodama,Soda Machine,Syntax Error,Pick-Up (New + Revival),Easy N/A,Standard 20,Hard 40,Master 65,Unlimited N/A,
100783,stardu,STARDUST (game edit),MINIKOMA★,Pick-Up (New + Revival),Easy N/A,Standard 19,Hard 33,Master 64,Unlimited N/A,
100784,starti,starting station,happy machine,Pick-Up (New + Revival),Easy N/A,Standard 17,Hard 31,Master 54,Unlimited 70,
100785,sunday,SUNDAY リベンジ,HAPPY SUNDAY,Pick-Up (New + Revival),Easy N/A,Standard 18,Hard 29,Master 46,Unlimited 67,
100786,sundro2,Sundrop (Remix ver.),Yamajet,Pick-Up (New + Revival),Easy N/A,Standard 30,Hard 48,Master 79,Unlimited 82,
100787,sunnyd,Sunny day,センラ×蒼炎P,Pick-Up (New + Revival),Easy N/A,Standard 23,Hard 38,Master 59,Unlimited N/A,
100788,superl,SuperLuminalGirl Rebirth,Yamajet feat. 小宮真央,Pick-Up (New + Revival),Easy N/A,Standard 15,Hard 32,Master 59,Unlimited N/A,
100789,switch,SW!TCH,千π ＆ MesoPhunk,Pick-Up (New + Revival),Easy N/A,Standard 16,Hard 35,Master 69,Unlimited N/A,
100790,theepi2,The Epic -Introduction-,Cranky,Pick-Up (New + Revival),Easy N/A,Standard 22,Hard 37,Master 65,Unlimited N/A,
100791,epipha,The Epiphany of Hardcore,SOTUI,Pick-Up (New + Revival),Easy N/A,Standard 15,Hard 30,Master 70,Unlimited N/A,
100792,thekin,The King of Pirates,RiraN,Pick-Up (New + Revival),Easy N/A,Standard 22,Hard 52,Master 75,Unlimited N/A,
100793,timele,Timeless encode,Vice Principal,Pick-Up (New + Revival),Easy N/A,Standard 16,Hard 33,Master 72,Unlimited N/A,
100794,tokyoo,tokyo,Headphone-Tokyo(star)(star) feat.nayuta,Pick-Up (New + Revival),Easy N/A,Standard 15,Hard 33,Master 71,Unlimited N/A,
100795,toooma,Tooo Many,S3RL,Pick-Up (New + Revival),Easy N/A,Standard 30,Hard 51,Master 77,Unlimited N/A,
100796,toucho2,Touch Of Gold (Bongo Mango Remix),Togo Project feat. Frances Maya,Pick-Up (New + Revival),Easy N/A,Standard 17,Hard 32,Master 52,Unlimited 78,
100797,tayuta,tΔyutΔi,ミフメイ,Pick-Up (New + Revival),Easy N/A,Standard 26,Hard 35,Master 72,Unlimited N/A,
100798,ultrix,ULTRiX,sky_delta,Pick-Up (New + Revival),Easy N/A,Standard 27,Hard 45,Master 76,Unlimited N/A,
100799,underw,Underworld,ANOTHER STORY,Pick-Up (New + Revival),Easy N/A,Standard 29,Hard 46,Master 69,Unlimited 86,
100800,virtua,Virtual Reality Controller,フラット3rd,Pick-Up (New + Revival),Easy N/A,Standard 15,Hard 35,Master 63,Unlimited N/A,
100801,voiceo2,VOICE OF HOUSE (96TH RETROMAN REMIX),DOT96,Pick-Up (New + Revival),Easy N/A,Standard 14,Hard 38,Master 67,Unlimited N/A,
100802,wannab2,Wanna Be Your Special (Remix ver.),Shoichiro Hirata feat. SUIMI,Pick-Up (New + Revival),Easy N/A,Standard 26,Hard 41,Master 69,Unlimited N/A,
100803,wiwwtw2,What Is Wrong With The World (Cross Edit),SADA,Pick-Up (New + Revival),Easy N/A,Standard 20,Hard 43,Master 67,Unlimited 72,
100804,wingso,Wings of Twilight,sky_delta,Pick-Up (New + Revival),Easy N/A,Standard 20,Hard 53,Master 71,Unlimited N/A,
100805,winter,Winter again,GLAY,Pick-Up (New + Revival),Easy N/A,Standard 14,Hard 24,Master 41,Unlimited N/A,
100806,iineee,いいね！,BABYMETAL,Pick-Up (New + Revival),Easy N/A,Standard 21,Hard 40,Master 81,Unlimited N/A,
100807,illumi,イルミナレガロ,Headphone-Tokyo(star)(star) feat.MiLO,Pick-Up (New + Revival),Easy N/A,Standard 10,Hard 25,Master 46,Unlimited 63,
100808,yellll,エール,FullMooN,Pick-Up (New + Revival),Easy N/A,Standard 8,Hard 17,Master 52,Unlimited N/A,
100809,eschat,エスカトロジィ,MozSound,Pick-Up (New + Revival),Easy N/A,Standard 36,Hard 57,Master 77,Unlimited N/A,
100810,counte,カウンターストップ,フラット3rd,Pick-Up (New + Revival),Easy N/A,Standard 29,Hard 34,Master 71,Unlimited N/A,
100811,gimcho,ギミチョコ！！,BABYMETAL,Pick-Up (New + Revival),Easy N/A,Standard 18,Hard 39,Master 70,Unlimited N/A,
100812,surviv,サバイバル,GLAY,Pick-Up (New + Revival),Easy N/A,Standard 24,Hard 40,Master 65,Unlimited N/A,
100814,turkis3,トルコ行進曲 (Short Remix),,Pick-Up (New + Revival),Easy N/A,Standard 6,Hard 20,Master 48,Unlimited N/A,
100815,picora2,ピコラセテ (Instrumental Ver.),TORIENA,Pick-Up (New + Revival),Easy N/A,Standard 28,Hard 53,Master 80,Unlimited N/A,
100816,fortis,フォルテシモ,らむだーじゃん,Pick-Up (New + Revival),Easy N/A,Standard 20,Hard 37,Master 53,Unlimited N/A,
100817,hedban,ヘドバンギャー！！,BABYMETAL,Pick-Up (New + Revival),Easy N/A,Standard 16,Hard 43,Master 66,Unlimited N/A,
100818,megitu,メギツネ,BABYMETAL,Pick-Up (New + Revival),Easy N/A,Standard 15,Hard 30,Master 49,Unlimited N/A,
100819,rockma,ロックマン (CUTMAN STAGE),Remixed by てつ×ねこ,Pick-Up (New + Revival),Easy N/A,Standard 27,Hard 48,Master 73,Unlimited N/A,
100820,kounen2,光年（konen）-Remix Ver.-,小野秀幸,Pick-Up (New + Revival),Easy N/A,Standard 21,Hard 43,Master 73,Unlimited N/A,
100821,saisyu,最終回STORY,MY FIRST STORY,Pick-Up (New + Revival),Easy N/A,Standard 18,Hard 36,Master 56,Unlimited N/A,
100822,yuukan,勇敢 i tout,kamejack,Pick-Up (New + Revival),Easy N/A,Standard 22,Hard 33,Master 78,Unlimited N/A,
100823,modern,彼女の“Modern…” CROSS×BEATS Remix,GLAY,Pick-Up (New + Revival),Easy N/A,Standard 20,Hard 32,Master 56,Unlimited N/A,
100824,miraie,未来へのプレリュード,カヒーナムジカ,Pick-Up (New + Revival),Easy N/A,Standard 21,Hard 35,Master 66,Unlimited N/A,
100825,ranfes,狂乱セレブレーション,Yamajet,Pick-Up (New + Revival),Easy N/A,Standard 20,Hard 42,Master 65,Unlimited N/A,
100826,nemure,眠れない歌,iru,Pick-Up (New + Revival),Easy N/A,Standard 15,Hard 38,Master 67,Unlimited 76,
100827,yuwaku,誘惑,GLAY,Pick-Up (New + Revival),Easy N/A,Standard 15,Hard 26,Master 43,Unlimited N/A,
100828,dontst,Don't Stop The Music feat.森高千里,tofubeats,Pick-Up (New + Revival),Easy N/A,Standard 15,Hard 32,Master 56,Unlimited 70,
100829,mottai,もったいないとらんど,きゃりーぱみゅぱみゅ,Pick-Up (New + Revival),Easy N/A,Standard 10,Hard 26,Master 36,Unlimited N/A,
100830,slysly,SLY,RIP SLYME,Pick-Up (New + Revival),Easy N/A,Standard 10,Hard 33,Master 58,Unlimited N/A,
100831,lookam,(Where's)THE SILENT MAJORITY?,高橋優,Pick-Up (New + Revival),Easy N/A,Standard 17,Hard 34,Master 67,Unlimited N/A,
100832,feverr,フィーバー,パスピエ,Pick-Up (New + Revival),Easy N/A,Standard 28,Hard 48,Master 68,Unlimited N/A,
100833,fashio,ファッションモンスター,きゃりーぱみゅぱみゅ,Pick-Up (New + Revival),Easy N/A,Standard 8,Hard 24,Master 39,Unlimited N/A,
100834,hagito,「ハギとこ！」のテーマ,ハギー,Pick-Up (New + Revival),Easy N/A,Standard 12,Hard 26,Master 50,Unlimited N/A,
100835,invade,インベーダーインベーダー,きゃりーぱみゅぱみゅ,Pick-Up (New + Revival),Easy N/A,Standard 10,Hard 28,Master 47,Unlimited N/A,
100836,ainoch,愛の地球祭,チームしゃちほこ,Pick-Up (New + Revival),Easy N/A,Standard 17,Hard 40,Master 59,Unlimited N/A,
100837,nakama,仲間を探したい,神聖かまってちゃん,Pick-Up (New + Revival),Easy N/A,Standard 14,Hard 32,Master 53,Unlimited N/A,
100838,ninjar,にんじゃりばんばん,きゃりーぱみゅぱみゅ,Pick-Up (New + Revival),Easy N/A,Standard 8,Hard 23,Master 41,Unlimited 65,
100839,parall,パラレルスペック,ゲスの極み乙女。,Pick-Up (New + Revival),Easy N/A,Standard 14,Hard 35,Master 61,Unlimited N/A,
100840,yukifu,雪降る夜にキスして,バンドじゃないもん！,Pick-Up (New + Revival),Easy N/A,Standard 13,Hard 29,Master 51,Unlimited N/A,
100841,furiso,ふりそでーしょん,きゃりーぱみゅぱみゅ,Pick-Up (New + Revival),Easy N/A,Standard 12,Hard 24,Master 44,Unlimited 74,
100842,honeyj,HONEY♡SUNRiSE ～jun Side～,jun with Aimee,Original,Easy 24,Standard 32,Hard 63,Master 88,Unlimited 93,
100843,emeraj,EMERALD♡KISS ～jun Side～,jun with Aimee,Original,Easy 19,Standard 30,Hard 53,Master 85,Unlimited N/A,
100844,dazzlo,DAZZLING♡SEASON (Original Side),jun,Original,Easy 16,Standard 35,Hard 60,Master 80,Unlimited 90,
100844,shares,SHARE SONG,SHARE SONG,Original,Easy N/A,Standard N/A,Hard N/A,Master N/A,Unlimited N/A,
